Workbook

Sheet RAG
B2: ANÁLISIS GLOBAL
B3: MODELO | D3: Respondidas por el modelo | E3: Aciertos | F3: Errores | G3: Sin respuesta | H3: % de aciertos
B4: llama3 | C4: Prompt EN | D4: 900 | E4: 445 | F4: 455 | G4: 0 | H4: =(E4/D4)*100 -> 49.444444
C5: Prompt ES | D5: 900 | E5: 434 | F5: 466 | G5: 0 | H5: =(E5/D5)*100 -> 48.222222
C6: No prompt | D6: 896 | E6: 426 | F6: 470 | G6: 4 | H6: =(E6/D6)*100 -> 47.544643
C7: RAG v1 | H7: 28.31
C8: RAG v2 | H8: 28.87
C9: RAG v3 | H9: 27.46
C10: RAG pb | H10: 49.85
C11: RAG pb v2 | H11: 47.14
C12: RAG pb v2.2
B13: mistral | C13: Prompt EN | D13: 893 | E13: 390 | F13: 503 | G13: 7 | H13: =(E13/D13)*100 -> 43.673012
C14: Prompt ES | D14: 893 | E14: 389 | F14: 504 | G14: 7 | H14: =(E14/D14)*100 -> 43.56103
C15: No prompt | D15: 653 | E15: 229 | F15: 424 | G15: 247 | H15: =(E15/D15)*100 -> 35.068913
C16: RAG v1 | H16: 26.92
C17: RAG v2 | H17: 27.46
C18: RAG v3 | H18: 28
C19: RAG pb
C20: RAG pb v2
B21: gemma | C21: Prompt EN | D21: 900 | E21: 367 | F21: 533 | G21: 0 | H21: =(E21/D21)*100 -> 40.777778
C22: Prompt ES | D22: 900 | E22: 358 | F22: 542 | G22: 0 | H22: =(E22/D22)*100 -> 39.777778
C23: No prompt | D23: 880 | E23: 357 | F23: 523 | G23: 20 | H23: =(E23/D23)*100 -> 40.568182
C24: RAG v1 | H24: 24.17
C25: RAG v2 | H25: 26.57
C26: RAG v3 | H26: 27.05
C27: RAG pb
C28: RAG pb v2

Sheet Prueba_BIOLOGIA_2020
B2: Prueba BIOLOGIA 2020 | K2: MEJORA % de ACIERTOS
B3: MODELO | D3: Respondidas por el modelo | E3: Aciertos | F3: Errores | G3: Sin respuesta | H3: % de aciertos | I3: % sin respuestas | K3: MODELO | L3: Prompt ES vs No Prompt | M3: Prompt upgrade ES vs Prompt general ES | N3: Prompt EN vs Prompt ES | O3: Prompt upgrade EN vs Prompt general EN | P3: Prompt EN No Prompt
B4: llama3 | C4: Prompt EN | D4: 185 | E4: 107 | F4: 78 | G4: 0 | H4: =(E4/D4)*100 -> 57.837838 | I4: =(G4/$D$29)*100 -> 0 | K4: llama3 | L4: =H5-H6 -> 7.5675676 | N4: =H4-H5 -> -4.8648649 | P4: =H4-H6 -> 2.7027027
C5: Prompt ES | D5: 185 | E5: 116 | F5: 69 | G5: 0 | H5: =(E5/D5)*100 -> 62.702703 | I5: =(G5/$D$29)*100 -> 0 | K5: mistral | L5: =H8-H9 -> 17.157004 | N5: =H7-H8 -> -0.54054054 | P5: =H7-H9 -> 16.616464
C6: No prompt | D6: 185 | E6: 102 | F6: 83 | G6: 0 | H6: =(E6/D6)*100 -> 55.135135 | I6: =(G6/$D$29)*100 -> 0 | K6: gemma | L6: =H11-H12 -> 4.0188014 | N6: =H10-H11 -> -0.43125092 | P6: =H10-H12 -> 3.5875505
B7: mistral | C7: Prompt EN | D7: 185 | E7: 107 | F7: 78 | G7: 0 | H7: =(E7/D7)*100 -> 57.837838 | I7: =(G7/$D$29)*100 -> 0 | K7: deepseek-coder | L7: =H14-H15 -> 6.7307692 | N7: =H13-H14 -> -17.5 | P7: =H13-H15 -> -10.769231
C8: Prompt ES | D8: 185 | E8: 108 | F8: 77 | G8: 0 | H8: =(E8/D8)*100 -> 58.378378 | I8: =(G8/$D$29)*100 -> 0 | K8: deepseek-llm | M8: =H17-H14 -> 6.5 | N8: =H16-H17 -> -7.7362637 | O8: =H16-H13 -> 16.263736 | P8: =H16-H15 -> 5.4945055
C9: No prompt | D9: 131 | E9: 54 | F9: 77 | G9: 54 | H9: =(E9/D9)*100 -> 41.221374 | I9: =(G9/$D$29)*100 -> 29.189189 | K9: phi3 | L9: =H20-H21 -> 12.068966 | N9: =H19-H20 -> 8.9189189 | P9: =H19-H21 -> 20.987884
B10: gemma | C10: Prompt EN | D10: 183 | E10: 110 | F10: 73 | G10: 2 | H10: =(E10/D10)*100 -> 60.10929 | I10: =(G10/$D$29)*100 -> 1.0810811 | K10: phi3:instruct | M10: =H23-H20 -> -16.990291 | N10: =H22-H23 -> 30.774075 | O10: =H22-H20 -> 13.783784 | P10: =H22-H21 -> 25.852749
C11: Prompt ES | D11: 185 | E11: 112 | F11: 73 | G11: 0 | H11: =(E11/D11)*100 -> 60.540541 | I11: =(G11/$D$29)*100 -> 0
C12: No prompt | D12: 184 | E12: 104 | F12: 80 | G12: 1 | H12: =(E12/D12)*100 -> 56.521739 | I12: =(G12/$D$29)*100 -> 0.54054054
B13: deepseek-coder | C13: Prompt EN | D13: 25 | E13: 5 | F13: 20 | G13: 160 | H13: =(E13/D13)*100 -> 20 | I13: =(G13/$D$29)*100 -> 86.486486
C14: Prompt ES | D14: 16 | E14: 6 | F14: 10 | G14: 169 | H14: =(E14/D14)*100 -> 37.5 | I14: =(G14/$D$29)*100 -> 91.351351 | K14: Ranking
C15: No prompt | D15: 13 | E15: 4 | F15: 9 | G15: 172 | H15: =(E15/D15)*100 -> 30.769231 | I15: =(G15/$D$29)*100 -> 92.972973 | K15: No Prompt | M15: Prompt ES | O15: Prompt EN
B16: deepseek-llm | C16: Prompt EN | D16: 182 | E16: 66 | F16: 116 | G16: 3 | H16: =(E16/D16)*100 -> 36.263736 | I16: =(G16/$D$29)*100 -> 1.6216216 | K16: MODELO | L16: % aciertos | M16: MODELO | N16: % aciertos | O16: MODELO | P16: % aciertos
C17: Prompt ES | D17: 100 | E17: 44 | F17: 56 | G17: 85 | H17: =(E17/D17)*100 -> 44 | I17: =(G17/$D$29)*100 -> 45.945946 | K17: llama3 | L17: 55.135135 | M17: llama3 | N17: 62.702703 | O17: phi3:instruct | P17: 63.783784
C18: No prompt | K18: gemma | L18: 56.521739 | M18: gemma | N18: 60.540541 | O18: mistral | P18: 60.10929
B19: phi3 | C19: Prompt EN | D19: 185 | E19: 109 | F19: 76 | G19: 0 | H19: =(E19/D19)*100 -> 58.918919 | I19: =(G19/$D$29)*100 -> 0
C20: Prompt ES | D20: 112 | E20: 56 | F20: 56 | G20: 73 | H20: =(E20/D20)*100 -> 50 | I20: =(G20/$D$29)*100 -> 39.459459 | K20: mistral | L20: 41.221374 | M20: mistral | N20: 58.378378 | O20: deepseek-coder | P20: 58.918919
C21: No prompt | D21: 87 | E21: 33 | F21: 54 | G21: 98 | H21: =(E21/D21)*100 -> 37.931034 | I21: =(G21/$D$29)*100 -> 52.972973 | K21: phi3 | L21: 37.931034 | M21: phi3 | N21: 50 | O21: llama3 | P21: 57.837838
B22: phi3:instruct | C22: Prompt EN | D22: 185 | E22: 118 | F22: 67 | G22: 0 | H22: =(E22/D22)*100 -> 63.783784 | I22: =(G22/$D$29)*100 -> 0 | K22: deepseek-coder | L22: 30.769231 | M22: deepseek-llm | N22: 44 | O22: gemma | P22: 57.837838
C23: Prompt ES | D23: 103 | E23: 34 | F23: 69 | G23: 32 | H23: =(E23/D23)*100 -> 33.009709 | I23: =(G23/$D$29)*100 -> 17.297297 | M23: deepseek-coder | N23: 37.5 | O23: deepseek-llm | P23: 36.263736
C24: No prompt | M24: phi3:instruct | N24: 33.009709 | O24: phi3 | P24: 20
B27: nº TOTAL DE PREGUNTAS
B28: tipo | C28: esperado | D28: obtenido
B29: texto | C29: 185 | D29: 185
B30: imagen | C30: 0 | D30: 0
B31: TOTAL | C31: =SUM(C29:C30) -> 185 | D31: =SUM(D29:D30) -> 185

Sheet Global
B2: ANÁLISIS GLOBAL | K2: MEJORA % de ACIERTOS
B3: MODELO | D3: Respondidas por el modelo | E3: Aciertos | F3: Errores | G3: Sin respuesta | H3: % de aciertos | I3: % sin respuestas | K3: MODELO | L3: Prompt ES vs No Prompt | M3: Prompt upgrade ES vs Prompt general ES | N3: Prompt EN vs Prompt ES | O3: Prompt upgrade EN vs Prompt general EN | P3: Prompt EN No Prompt
B4: llama3 | C4: Prompt EN | D4: 6961 | E4: 3367 | F4: 3594 | G4: 16 | H4: =(E4/D4)*100 -> 48.369487 | I4: =(G4/$D$29)*100 -> 0.22932492 | K4: llama3 | L4: =H5-H6 -> 2.0731534 | N4: =H4-H5 -> 0.57336367 | P4: =H4-H6 -> 2.6465171
C5: Prompt ES | D5: =MEDICINA!D5+ENFERMERÍA!D5+BIOLOGÍA!D5+FARMACIA!D5+PSICOLOGÍA!D5+FÍSICA!D5+QUÍMICA!D5 -> 6965 | E5: =MEDICINA!E5+ENFERMERÍA!E5+BIOLOGÍA!E5+FARMACIA!E5+PSICOLOGÍA!E5+FÍSICA!E5+QUÍMICA!E5 -> 3329 | F5: =MEDICINA!F5+ENFERMERÍA!F5+BIOLOGÍA!F5+FARMACIA!F5+PSICOLOGÍA!F5+FÍSICA!F5+QUÍMICA!F5 -> 3636 | G5: =MEDICINA!G5+ENFERMERÍA!G5+BIOLOGÍA!G5+FARMACIA!G5+PSICOLOGÍA!G5+FÍSICA!G5+QUÍMICA!G5 -> 12 | H5: =(E5/D5)*100 -> 47.796123 | I5: =(G5/$D$29)*100 -> 0.17199369 | K5: mistral | L5: =H8-H9 -> 8.3428038 | N5: =H7-H8 -> -0.15743539 | P5: =H7-H9 -> 8.1853684
C6: No prompt | D6: 6909 | E6: 3159 | F6: 3750 | G6: 68 | H6: =(E6/D6)*100 -> 45.72297 | I6: =(G6/$D$29)*100 -> 0.97463093 | K6: gemma | L6: =H11-H12 -> 0.30270312 | N6: =H10-H11 -> 0.27561837 | P6: =H10-H12 -> 0.57832149
B7: mistral | C7: Prompt EN | D7: 6924 | E7: 3041 | F7: 3883 | G7: 53 | H7: =(E7/D7)*100 -> 43.9197 | I7: =(G7/$D$29)*100 -> 0.75963881 | K7: deepseek-coder | L7: =H14-H15 -> -0.13338324 | N7: =H13-H14 -> 0.44738625 | P7: =H13-H15 -> 0.314003
C8: Prompt ES | D8: =MEDICINA!D8+ENFERMERÍA!D8+BIOLOGÍA!D8+FARMACIA!D8+PSICOLOGÍA!D8+FÍSICA!D8+QUÍMICA!D8 -> 6897 | E8: =MEDICINA!E8+ENFERMERÍA!E8+BIOLOGÍA!E8+FARMACIA!E8+PSICOLOGÍA!E8+FÍSICA!E8+QUÍMICA!E8 -> 3040 | F8: =MEDICINA!F8+ENFERMERÍA!F8+BIOLOGÍA!F8+FARMACIA!F8+PSICOLOGÍA!F8+FÍSICA!F8+QUÍMICA!F8 -> 3797 | G8: =MEDICINA!G8+ENFERMERÍA!G8+BIOLOGÍA!G8+FARMACIA!G8+PSICOLOGÍA!G8+FÍSICA!G8+QUÍMICA!G8 -> 80 | H8: =(E8/D8)*100 -> 44.077135 | I8: =(G8/$D$29)*100 -> 1.1466246 | K8: deepseek-llm | M8: =H17-H14 -> 6.3500719 | N8: =H16-H17 -> -0.016369695 | O8: =H16-H13 -> 5.886316 | P8: =H16-H15 -> 6.200319
C9: No prompt | D9: 5345 | E9: 1910 | F9: 3435 | G9: 1632 | H9: =(E9/D9)*100 -> 35.734331 | I9: =(G9/$D$29)*100 -> 23.391142 | K9: phi3 | L9: =H20-H21 -> 15.816487 | N9: =H19-H20 -> -7.5459641 | P9: =H19-H21 -> 8.2705231
B10: gemma | C10: Prompt EN | D10: 6918 | E10: 3030 | F10: 3888 | G10: 50 | H10: =(E10/D10)*100 -> 43.798786 | I10: =(G10/$D$29)*100 -> 0.71664039 | K10: phi3:instruct | M10: =H23-H20 -> -1.5549564 | N10: =H22-H23 -> -18.015883 | O10: =H22-H20 -> -19.570839 | P10: =H22-H21 -> -3.754352
C11: Prompt ES | D11: =MEDICINA!D11+ENFERMERÍA!D11+BIOLOGÍA!D11+FARMACIA!D11+PSICOLOGÍA!D11+FÍSICA!D11+QUÍMICA!D11 -> 6971 | E11: =MEDICINA!E11+ENFERMERÍA!E11+BIOLOGÍA!E11+FARMACIA!E11+PSICOLOGÍA!E11+FÍSICA!E11+QUÍMICA!E11 -> 3034 | F11: =MEDICINA!F11+ENFERMERÍA!F11+BIOLOGÍA!F11+FARMACIA!F11+PSICOLOGÍA!F11+FÍSICA!F11+QUÍMICA!F11 -> 3937 | G11: =MEDICINA!G11+ENFERMERÍA!G11+BIOLOGÍA!G11+FARMACIA!G11+PSICOLOGÍA!G11+FÍSICA!G11+QUÍMICA!G11 -> 6 | H11: =(E11/D11)*100 -> 43.523167 | I11: =(G11/$D$29)*100 -> 0.085996847
C12: No prompt | D12: 6763 | E12: 2923 | F12: 3840 | G12: 214 | H12: =(E12/D12)*100 -> 43.220464 | I12: =(G12/$D$29)*100 -> 3.0672209
B13: deepseek-coder | C13: Prompt EN | D13: 2511 | E13: 641 | F13: 1870 | G13: 4466 | H13: =(E13/D13)*100 -> 25.527678 | I13: =(G13/$D$29)*100 -> 64.01032
C14: Prompt ES | D14: =MEDICINA!D14+ENFERMERÍA!D14+BIOLOGÍA!D14+FARMACIA!D14+PSICOLOGÍA!D14+FÍSICA!D14+QUÍMICA!D14 -> 3425 | E14: =MEDICINA!E14+ENFERMERÍA!E14+BIOLOGÍA!E14+FARMACIA!E14+PSICOLOGÍA!E14+FÍSICA!E14+QUÍMICA!E14 -> 859 | F14: =MEDICINA!F14+ENFERMERÍA!F14+BIOLOGÍA!F14+FARMACIA!F14+PSICOLOGÍA!F14+FÍSICA!F14+QUÍMICA!F14 -> 2566 | G14: =MEDICINA!G14+ENFERMERÍA!G14+BIOLOGÍA!G14+FARMACIA!G14+PSICOLOGÍA!G14+FÍSICA!G14+QUÍMICA!G14 -> 3552 | H14: =(E14/D14)*100 -> 25.080292 | I14: =(G14/$D$29)*100 -> 50.910133
C15: No prompt | D15: 1170 | E15: 295 | F15: 875 | G15: 5007 | H15: =(E15/D15)*100 -> 25.213675 | I15: =(G15/$D$29)*100 -> 71.764369 | K15: Ranking
B16: deepseek-llm | C16: Prompt EN | D16: 6860 | E16: 2155 | F16: 4705 | G16: 116 | H16: =(E16/D16)*100 -> 31.413994 | I16: =(G16/$D$29)*100 -> 1.6626057 | K16: No Prompt | M16: Prompt ES | O16: Prompt EN
C17: Prompt ES | D17: 6376 | E17: 2004 | F17: 4372 | G17: 601 | H17: =(E17/D17)*100 -> 31.430364 | I17: =(G17/$D$29)*100 -> 8.6140175 | K17: Modelo | L17: % aciertos | M17: Modelo | N17: % aciertos | O17: Modelo | P17: % aciertos
C18: No prompt | K18: llama3 | L18: 45.72297 | M18: llama3 | N18: 47.796123 | O18: llama3 | P18: 48.369487
B19: phi3 | C19: Prompt EN | D19: 3135 | E19: 1164 | F19: 1971 | G19: 3842 | H19: =(E19/D19)*100 -> 37.129187 | I19: =(G19/$D$29)*100 -> 55.066648 | K19: gemma | L19: 43.220464 | M19: phi3 | N19: 44.675151 | O19: mistral | P19: 43.9197
C20: Prompt ES | D20: =MEDICINA!D20+ENFERMERÍA!D20+BIOLOGÍA!D20+FARMACIA!D20+PSICOLOGÍA!D20+FÍSICA!D20+QUÍMICA!D20 -> 5972 | E20: =MEDICINA!E20+ENFERMERÍA!E20+BIOLOGÍA!E20+FARMACIA!E20+PSICOLOGÍA!E20+FÍSICA!E20+QUÍMICA!E20 -> 2668 | F20: =MEDICINA!F20+ENFERMERÍA!F20+BIOLOGÍA!F20+FARMACIA!F20+PSICOLOGÍA!F20+FÍSICA!F20+QUÍMICA!F20 -> 3304 | G20: =MEDICINA!G20+ENFERMERÍA!G20+BIOLOGÍA!G20+FARMACIA!G20+PSICOLOGÍA!G20+FÍSICA!G20+QUÍMICA!G20 -> 1005 | H20: =(E20/D20)*100 -> 44.675151 | I20: =(G20/$D$29)*100 -> 14.404472 | K20: mistral | L20: 35.734331 | M20: mistral | N20: 44.077135 | O20: gemma | P20: 43.798786
C21: No prompt | D21: 1691 | E21: 488 | F21: 1203 | G21: 5286 | H21: =(E21/D21)*100 -> 28.858664 | I21: =(G21/$D$29)*100 -> 75.763222 | K21: phi3 | L21: 28.858664 | M21: gemma | N21: 43.523167 | O21: phi3 | P21: 37.129187
B22: phi3:instruct | C22: Prompt EN | D22: 1438 | E22: 361 | F22: 1077 | G22: 5539 | H22: =(E22/D22)*100 -> 25.104312 | I22: =(G22/$D$29)*100 -> 79.389422 | K22: deepseek-coder | L22: 25.213675 | M22: phi3:instruct | N22: 43.120194 | O22: deepseek-llm | P22: 31.413994
C23: Prompt ES | D23: 4942 | E23: 2131 | F23: 2811 | G23: 2035 | H23: =(E23/D23)*100 -> 43.120194 | I23: =(G23/$D$29)*100 -> 29.167264 | M23: deepseek-llm | N23: 31.430364 | O23: deepseek-coder | P23: 25.527678
C24: No prompt | M24: deepseek-coder | N24: 25.080292 | O24: phi3:instruct | P24: 25.104312
B27: nº TOTAL DE PREGUNTAS
B28: tipo | C28: esperado | D28: obtenido
B29: texto | C29: 6977 | D29: 6977 | E29: 0.0254
B30: imagen | C30: 182 | E30: 0.9746
B31: TOTAL | C31: =SUM(C29:C30) -> 7159 | D31: =SUM(D29:D30) -> 6977

Sheet Grafícas
B2: Modelo | C2: No Prompt | D2: Prompt ES | E2: Prompt EN
B3: llama3 | C3: 45.72 | D3: 47.8 | E3: 48.37
B4: mistral | C4: 35.73 | D4: 44.08 | E4: 43.92
B5: gemma | C5: 43.22 | D5: 43.52 | E5: 43.8
B6: deepseek-coder | C6: 25.21 | D6: 25.08 | E6: 25.53
B7: deepseek-llm | D7: 31.43 | E7: 31.41
B8: phi3 | C8: 28.86 | D8: 44.68 | E8: 37.13
B9: phi3:instruct | D9: 43.12 | E9: 25.1
P20: e
B29: Titulación | C29: Prompt | D29: llama3 | F29: Titulación | G29: Prompt | H29: gemma | J29: Titulación | K29: Prompt | L29: mistral | N29: Titulación | O29: Prompt | P29: deepseek-coder | R29: Titulación | S29: Prompt | T29: deepseek-llm | V29: Titulación | W29: Prompt | X29: phi3 | Z29: Titulación | AA29: Prompt | AB29: phi3:instruct
B30: Medicina | C30: Prompt EN | D30: 49.444444 | F30: Medicina | G30: Prompt EN | H30: 43.673012 | J30: Medicina | K30: Prompt EN | L30: 40.777778 | N30: Medicina | O30: Prompt EN | P30: 21.596244 | R30: Medicina | S30: Prompt EN | T30: 30.201342 | V30: Medicina | W30: Prompt EN | X30: 43.75 | Z30: Medicina | AA30: Prompt EN | AB30: 20.765027
C31: Prompt ES | D31: 48.222222 | G31: Prompt ES | H31: 43.56103 | K31: Prompt ES | L31: 39.777778 | O31: Prompt ES | P31: 26.510067 | S31: Prompt ES | T31: 29.3601 | W31: Prompt ES | X31: 33.75 | AA31: Prompt ES | AB31: 41.744966
C32: No prompt | D32: 47.544643 | G32: No prompt | H32: 35.068913 | K32: No prompt | L32: 40.568182 | O32: No prompt | P32: 25.925926 | R32: Enfermería | S32: Prompt EN | T32: 33.368421 | W32: No prompt | X32: 31.351351 | Z32: Enfermería | AA32: Prompt EN | AB32: 25.698324
B33: Enfermería | C33: Prompt EN | D33: 46.985447 | F33: Enfermería | G33: Prompt EN | H33: 42.291667 | J33: Enfermería | K33: Prompt EN | L33: 42.708333 | N33: Enfermería | O33: Prompt EN | P33: 24.840764 | S33: Prompt ES | T33: 31.968146 | V33: Enfermería | W33: Prompt EN | X33: 39.351852 | AA33: Prompt ES | AB33: 36.503067
C34: Prompt ES | D34: 47.046632 | G34: Prompt ES | H34: 41.350211 | K34: Prompt ES | L34: 41.390041 | O34: Prompt ES | P34: 27.118644 | R34: Biología | S34: Prompt EN | T34: 37.76908 | W34: Prompt ES | X34: 41.666667 | Z34: Biología | AA34: Prompt EN | AB34: 26.459144
C35: No prompt | D35: 45.185185 | G35: No prompt | H35: 36.376605 | K35: No prompt | L35: 41.492865 | O35: No prompt | P35: 30.487805 | S35: Prompt ES | T35: 38.22314 | W35: No prompt | X35: 34.915254 | AA35: Prompt ES | AB35: 56.157635
B36: Biología | C36: Prompt EN | D36: 62.23092 | F36: Biología | G36: Prompt EN | H36: 56.299213 | J36: Biología | K36: Prompt EN | L36: 56.876228 | N36: Biología | O36: Prompt EN | P36: 29.449838 | R36: Farmacia | S36: Prompt EN | T36: 30.481809 | V36: Biología | W36: Prompt EN | X36: 42.654028 | Z36: Farmacia | AA36: Prompt EN | AB36: 22.421525
C37: Prompt ES | D37: 59.843291 | G37: Prompt ES | H37: 58.800393 | K37: Prompt ES | L37: 55.859375 | O37: Prompt ES | P37: 24.301075 | S37: Prompt ES | T37: 32.700422 | W37: Prompt ES | X37: 60.861057 | AA37: Prompt ES | AB37: 45.694716
C38: No prompt | D38: 59.077527 | G38: No prompt | H38: 45.139814 | K38: No prompt | L38: 55.850541 | O38: No prompt | P38: 22.666667 | R38: Psicología | S38: Prompt EN | T38: 30.186824 | W38: No prompt | X38: 29.787234 | Z38: Psicología | AA38: Prompt EN | AB38: 30.392157
B39: Farmacia | C39: Prompt EN | D39: 50.341463 | F39: Farmacia | G39: Prompt EN | H39: 44.662096 | J39: Farmacia | K39: Prompt EN | L39: 45.3294 | N39: Farmacia | O39: Prompt EN | P39: 24.28115 | S39: Prompt ES | T39: 31.472081 | V39: Farmacia | W39: Prompt EN | X39: 37.172775 | AA39: Prompt ES | AB39: 41.658537
C40: Prompt ES | D40: 51.804878 | G40: Prompt ES | H40: 44.773176 | K40: Prompt ES | L40: 46.04878 | O40: Prompt ES | P40: 24.040404 | R40: Física | S40: Prompt EN | T40: 26.11399 | W40: Prompt ES | X40: 46.01227 | Z40: Física | AA40: Prompt EN | AB40: 24.870466
C41: No prompt | D41: 50 | G41: No prompt | H41: 37.792208 | K41: No prompt | L41: 45.436508 | O41: No prompt | P41: 29.565217 | S41: Prompt ES | T41: 26.674501 | W41: No prompt | X41: 31.496063 | AA41: Prompt ES | AB41: 31.259259
B42: Psicología | C42: Prompt EN | D42: 47.804878 | F42: Psicología | G42: Prompt EN | H42: 44.57478 | J42: Psicología | K42: Prompt EN | L42: 41.756098 | N42: Psicología | O42: Prompt EN | P42: 27.374302 | R42: Química | S42: Prompt EN | T42: 31.457286 | V42: Psicología | W42: Prompt EN | X42: 31.477927 | Z42: Química | AA42: Prompt EN | AB42: 24.623116
C43: Prompt ES | D43: 48.097561 | G43: Prompt ES | H43: 45.759369 | K43: Prompt ES | L43: 41.365854 | O43: Prompt ES | P43: 29.076621 | S43: Prompt ES | T43: 28.691983 | W43: Prompt ES | X43: 43.457031 | AA43: Prompt ES | AB43: 41.543027
C44: No prompt | D44: 43.774704 | G44: No prompt | H44: 33.139535 | K44: No prompt | L44: 41.322314 | O44: No prompt | P44: 25.78125 | W44: No prompt | X44: 25.114155
B45: Física | C45: Prompt EN | D45: 35.62316 | F45: Física | G45: Prompt EN | H45: 33.233831 | J45: Física | K45: Prompt EN | L45: 35.170341 | N45: Física | O45: Prompt EN | P45: 25.622776 | V45: Física | W45: Prompt EN | X45: 25.737265
C46: Prompt ES | D46: 34.867777 | G46: Prompt ES | H46: 32.376238 | K46: Prompt ES | L46: 35.777126 | O46: Prompt ES | P46: 22.547584 | W46: Prompt ES | X46: 30.867347
C47: No prompt | D47: 32.777233 | G47: No prompt | H47: 30.031612 | K47: No prompt | L47: 33.333333 | O47: No prompt | P47: 23.877917 | W47: No prompt | X47: 26.119403
B48: Química | C48: Prompt EN | D48: 46.130952 | F48: Química | G48: Prompt EN | H48: 42.445328 | J48: Química | K48: Prompt EN | L48: 43.4 | N48: Química | O48: Prompt EN | P48: 24.434389 | V48: Química | W48: Prompt EN | X48: 38.186158
C49: Prompt ES | D49: 44.642857 | G49: Prompt ES | H49: 41.558442 | K49: Prompt ES | L49: 43.861386 | O49: Prompt ES | P49: 23.843416 | W49: Prompt ES | X49: 44.920319
C50: No prompt | D50: 41.816367 | G50: No prompt | H50: 33.973589 | K50: No prompt | L50: 43.743642 | O50: No prompt | P50: 24.731183 | W50: No prompt | X50: 22.12766

Sheet MEDICINA
B2: ANÁLISIS GLOBAL | K2: MEJORA % de ACIERTOS
B3: MODELO | D3: Respondidas por el modelo | E3: Aciertos | F3: Errores | G3: Sin respuesta | H3: % de aciertos | I3: % sin respuestas | K3: MODELO | L3: Prompt ES vs No Prompt | M3: Prompt upgrade ES vs Prompt general ES | N3: Prompt EN vs Prompt ES | O3: Prompt upgrade EN vs Prompt general EN | P3: Prompt EN No Prompt
B4: llama3 | C4: Prompt EN | D4: 900 | E4: 445 | F4: 455 | G4: 0 | H4: =(E4/D4)*100 -> 49.444444 | I4: =(G4/$D$29)*100 -> 0 | K4: llama3 | L4: =H5-H6 -> 0.67757937 | N4: =H4-H5 -> 1.2222222 | P4: =H4-H6 -> 1.8998016
C5: Prompt ES | D5: 900 | E5: 434 | F5: 466 | G5: 0 | H5: =(E5/D5)*100 -> 48.222222 | I5: =(G5/$D$29)*100 -> 0 | K5: mistral | L5: =H8-H9 -> 8.4921175 | N5: =H7-H8 -> 0.11198208 | P5: =H7-H9 -> 8.6040996
C6: No prompt | D6: 896 | E6: 426 | F6: 470 | G6: 4 | H6: =(E6/D6)*100 -> 47.544643 | I6: =(G6/$D$29)*100 -> 0.44444444 | K6: gemma | L6: =H11-H12 -> -0.79040404 | N6: =H10-H11 -> 1 | P6: =H10-H12 -> 0.20959596
B7: mistral | C7: Prompt EN | D7: 893 | E7: 390 | F7: 503 | G7: 7 | H7: =(E7/D7)*100 -> 43.673012 | I7: =(G7/$D$29)*100 -> 0.77777778 | K7: deepseek-coder | L7: =H14-H15 -> 0.58414119 | N7: =H13-H14 -> -4.913823 | P7: =H13-H15 -> -4.3296818
C8: Prompt ES | D8: 893 | E8: 389 | F8: 504 | G8: 7 | H8: =(E8/D8)*100 -> 43.56103 | I8: =(G8/$D$29)*100 -> 0.77777778 | K8: deepseek-llm | M8: =H17-H14 -> 2.8500333 | N8: =H16-H17 -> 0.84124191 | O8: =H16-H13 -> 8.6050982 | P8: =H16-H15 -> 4.2754164
C9: No prompt | D9: 653 | E9: 229 | F9: 424 | G9: 247 | H9: =(E9/D9)*100 -> 35.068913 | I9: =(G9/$D$29)*100 -> 27.444444 | K9: phi3 | L9: =H20-H21 -> 2.3986486 | N9: =H19-H20 -> 10 | P9: =H19-H21 -> 12.398649
B10: gemma | C10: Prompt EN | D10: 900 | E10: 367 | F10: 533 | G10: 0 | H10: =(E10/D10)*100 -> 40.777778 | I10: =(G10/$D$29)*100 -> 0 | K10: phi3:instruct | M10: =H23-H20 -> 7.9949664 | N10: =H22-H23 -> -20.979939 | O10: =H22-H20 -> -12.984973 | P10: =H22-H21 -> -10.586324
C11: Prompt ES | D11: 900 | E11: 358 | F11: 542 | G11: 0 | H11: =(E11/D11)*100 -> 39.777778 | I11: =(G11/$D$29)*100 -> 0
C12: No prompt | D12: 880 | E12: 357 | F12: 523 | G12: 20 | H12: =(E12/D12)*100 -> 40.568182 | I12: =(G12/$D$29)*100 -> 2.2222222
B13: deepseek-coder | C13: Prompt EN | D13: 213 | E13: 46 | F13: 167 | G13: 687 | H13: =(E13/D13)*100 -> 21.596244 | I13: =(G13/$D$29)*100 -> 76.333333
C14: Prompt ES | D14: 298 | E14: 79 | F14: 219 | G14: 602 | H14: =(E14/D14)*100 -> 26.510067 | I14: =(G14/$D$29)*100 -> 66.888889
C15: No prompt | D15: 27 | E15: 7 | F15: 20 | G15: 873 | H15: =(E15/D15)*100 -> 25.925926 | I15: =(G15/$D$29)*100 -> 97 | K15: Ranking
B16: deepseek-llm | C16: Prompt EN | D16: 894 | E16: 270 | F16: 624 | G16: 6 | H16: =(E16/D16)*100 -> 30.201342 | I16: =(G16/$D$29)*100 -> 0.66666667 | K16: No Prompt | M16: Prompt ES | O16: Prompt EN
C17: Prompt ES | D17: 797 | E17: 234 | F17: 563 | G17: 103 | H17: =(E17/D17)*100 -> 29.3601 | I17: =(G17/$D$29)*100 -> 11.444444 | K17: Modelo | L17: % aciertos | M17: Modelo | N17: % aciertos | O17: Modelo | P17: % aciertos
C18: No prompt | K18: llama3 | L18: 47.544643 | M18: llama3 | N18: 48.222222 | O18: llama3 | P18: 49.444444
B19: phi3 | C19: Prompt EN | D19: 576 | E19: 252 | F19: 324 | G19: 324 | H19: =(E19/D19)*100 -> 43.75 | I19: =(G19/$D$29)*100 -> 36 | K19: gemma | L19: 40.568182 | M19: mistral | N19: 43.56103 | O19: phi3 | P19: 43.75
C20: Prompt ES | D20: 320 | E20: 108 | F20: 212 | G20: 580 | H20: =(E20/D20)*100 -> 33.75 | I20: =(G20/$D$29)*100 -> 64.444444 | K20: mistral | L20: 35.068913 | M20: phi3:instruct | N20: 41.744966 | O20: mistral | P20: 43.673012
C21: No prompt | D21: 185 | E21: 58 | F21: 127 | G21: 715 | H21: =(E21/D21)*100 -> 31.351351 | I21: =(G21/$D$29)*100 -> 79.444444 | K21: phi3 | L21: 31.351351 | M21: gemma | N21: 39.777778 | O21: gemma | P21: 40.777778
B22: phi3:instruct | C22: Prompt EN | D22: 183 | E22: 38 | F22: 145 | G22: 717 | H22: =(E22/D22)*100 -> 20.765027 | I22: =(G22/$D$29)*100 -> 79.666667 | K22: deepseek-coder | L22: 25.925926 | M22: phi3 | N22: 33.75 | O22: deepseek-llm | P22: 30.201342
C23: Prompt ES | D23: 745 | E23: 311 | F23: 434 | G23: 155 | H23: =(E23/D23)*100 -> 41.744966 | I23: =(G23/$D$29)*100 -> 17.222222 | M23: deepseek-llm | N23: 29.3601 | O23: deepseek-coder | P23: 21.596244
C24: No prompt | M24: deepseek-coder | N24: 26.510067 | O24: phi3:instruct | P24: 20.765027
B27: nº TOTAL DE PREGUNTAS
B28: tipo | C28: esperado | D28: obtenido
B29: texto | C29: 900 | D29: 900
B30: imagen | C30: 125
B31: TOTAL | C31: =SUM(C29:C30) -> 1025 | D31: =SUM(D29:D30) -> 900

Sheet ENFERMERÍA
B2: ANÁLISIS GLOBAL | K2: MEJORA % de ACIERTOS
B3: MODELO | D3: Respondidas por el modelo | E3: Aciertos | F3: Errores | G3: Sin respuesta | H3: % de aciertos | I3: % sin respuestas | K3: MODELO | L3: Prompt ES vs No Prompt | M3: Prompt upgrade ES vs Prompt general ES | N3: Prompt EN vs Prompt ES | O3: Prompt upgrade EN vs Prompt general EN | P3: Prompt EN No Prompt
B4: llama3 | C4: Prompt EN | D4: 962 | E4: 452 | F4: 510 | G4: 5 | H4: =(E4/D4)*100 -> 46.985447 | I4: =(G4/$D$29)*100 -> 0.51706308 | K4: llama3 | L4: =H5-H6 -> 1.8614469 | N4: =H4-H5 -> -0.061185139 | P4: =H4-H6 -> 1.8002618
C5: Prompt ES | D5: 965 | E5: 454 | F5: 511 | G5: 2 | H5: =(E5/D5)*100 -> 47.046632 | I5: =(G5/$D$29)*100 -> 0.20682523 | K5: mistral | L5: =H8-H9 -> 4.9736061 | N5: =H7-H8 -> 0.9414557 | P5: =H7-H9 -> 5.9150618
C6: No prompt | D6: 945 | E6: 427 | F6: 518 | G6: 22 | H6: =(E6/D6)*100 -> 45.185185 | I6: =(G6/$D$29)*100 -> 2.2750776 | K6: gemma | L6: =H11-H12 -> -0.10282349 | N6: =H10-H11 -> 1.3182918 | P6: =H10-H12 -> 1.2154683
B7: mistral | C7: Prompt EN | D7: 960 | E7: 406 | F7: 554 | G7: 7 | H7: =(E7/D7)*100 -> 42.291667 | I7: =(G7/$D$29)*100 -> 0.72388831 | K7: deepseek-coder | L7: =H14-H15 -> -3.3691608 | N7: =H13-H14 -> -2.2778797 | P7: =H13-H15 -> -5.6470405
C8: Prompt ES | D8: 948 | E8: 392 | F8: 556 | G8: 19 | H8: =(E8/D8)*100 -> 41.350211 | I8: =(G8/$D$29)*100 -> 1.9648397 | K8: deepseek-llm | M8: =H17-H14 -> 4.8495016 | N8: =H16-H17 -> 1.4002754 | O8: =H16-H13 -> 8.5276567 | P8: =H16-H15 -> 2.8806162
C9: No prompt | D9: 701 | E9: 255 | F9: 446 | G9: 266 | H9: =(E9/D9)*100 -> 36.376605 | I9: =(G9/$D$29)*100 -> 27.507756 | K9: phi3 | L9: =H20-H21 -> 6.7514124 | N9: =H19-H20 -> -2.3148148 | P9: =H19-H21 -> 4.4365976
B10: gemma | C10: Prompt EN | D10: 960 | E10: 410 | F10: 550 | G10: 7 | H10: =(E10/D10)*100 -> 42.708333 | I10: =(G10/$D$29)*100 -> 0.72388831 | K10: phi3:instruct | M10: =H23-H20 -> -5.1635992 | N10: =H22-H23 -> -10.804743 | O10: =H22-H20 -> -15.968343 | P10: =H22-H21 -> -9.2169302
C11: Prompt ES | D11: 964 | E11: 399 | F11: 565 | G11: 3 | H11: =(E11/D11)*100 -> 41.390041 | I11: =(G11/$D$29)*100 -> 0.31023785
C12: No prompt | D12: 911 | E12: 378 | F12: 533 | G12: 56 | H12: =(E12/D12)*100 -> 41.492865 | I12: =(G12/$D$29)*100 -> 5.7911065
B13: deepseek-coder | C13: Prompt EN | D13: 314 | E13: 78 | F13: 236 | G13: 653 | H13: =(E13/D13)*100 -> 24.840764 | I13: =(G13/$D$29)*100 -> 67.528438
C14: Prompt ES | D14: 413 | E14: 112 | F14: 301 | G14: 554 | H14: =(E14/D14)*100 -> 27.118644 | I14: =(G14/$D$29)*100 -> 57.290589
C15: No prompt | D15: 82 | E15: 25 | F15: 57 | G15: 885 | H15: =(E15/D15)*100 -> 30.487805 | I15: =(G15/$D$29)*100 -> 91.520165 | K15: Ranking
B16: deepseek-llm | C16: Prompt EN | D16: 950 | E16: 317 | F16: 633 | G16: 17 | H16: =(E16/D16)*100 -> 33.368421 | I16: =(G16/$D$29)*100 -> 1.7580145 | K16: No Prompt | M16: Prompt ES | O16: Prompt EN
C17: Prompt ES | D17: 879 | E17: 281 | F17: 598 | G17: 88 | H17: =(E17/D17)*100 -> 31.968146 | I17: =(G17/$D$29)*100 -> 9.1003102 | K17: Modelo | L17: % aciertos | M17: Modelo | N17: % aciertos | O17: Modelo | P17: % aciertos
C18: No prompt | K18: llama3 | L18: 45.185185 | M18: llama3 | N18: 47.046632 | O18: llama3 | P18: 46.985447
B19: phi3 | C19: Prompt EN | D19: 432 | E19: 170 | F19: 262 | G19: 535 | H19: =(E19/D19)*100 -> 39.351852 | I19: =(G19/$D$29)*100 -> 55.32575 | K19: gemma | L19: 41.492865 | M19: phi3 | N19: 41.666667 | O19: gemma | P19: 42.708333
C20: Prompt ES | D20: 840 | E20: 350 | F20: 490 | G20: 127 | H20: =(E20/D20)*100 -> 41.666667 | I20: =(G20/$D$29)*100 -> 13.133402 | K20: mistral | L20: 36.376605 | M20: gemma | N20: 41.390041 | O20: mistral | P20: 42.291667
C21: No prompt | D21: 295 | E21: 103 | F21: 192 | G21: 672 | H21: =(E21/D21)*100 -> 34.915254 | I21: =(G21/$D$29)*100 -> 69.493278 | K21: phi3 | L21: 34.915254 | M21: mistral | N21: 41.350211 | O21: phi3 | P21: 39.351852
B22: phi3:instruct | C22: Prompt EN | D22: 179 | E22: 46 | F22: 133 | G22: 788 | H22: =(E22/D22)*100 -> 25.698324 | I22: =(G22/$D$29)*100 -> 81.489142 | K22: deepseek-coder | L22: 30.487805 | M22: phi3:instruct | N22: 36.503067 | O22: deepseek-llm | P22: 33.368421
C23: Prompt ES | D23: 326 | E23: 119 | F23: 207 | G23: 641 | H23: =(E23/D23)*100 -> 36.503067 | I23: =(G23/$D$29)*100 -> 66.287487 | M23: deepseek-llm | N23: 31.968146 | O23: phi3:instruct | P23: 25.698324
C24: No prompt | M24: deepseek-coder | N24: 27.118644 | O24: deepseek-coder | P24: 24.840764
B27: nº TOTAL DE PREGUNTAS
B28: tipo | C28: esperado | D28: obtenido
B29: texto | C29: 967 | D29: 967
B30: imagen | C30: 57
B31: TOTAL | C31: =SUM(C29:C30) -> 1024 | D31: =SUM(D29:D30) -> 967

Sheet BIOLOGÍA
B2: ANÁLISIS GLOBAL | K2: MEJORA % de ACIERTOS
B3: MODELO | D3: Respondidas por el modelo | E3: Aciertos | F3: Errores | G3: Sin respuesta | H3: % de aciertos | I3: % sin respuestas | K3: MODELO | L3: Prompt ES vs No Prompt | M3: Prompt upgrade ES vs Prompt general ES | N3: Prompt EN vs Prompt ES | O3: Prompt upgrade EN vs Prompt general EN | P3: Prompt EN No Prompt
B4: llama3 | C4: Prompt EN | D4: 1022 | E4: 636 | F4: 386 | G4: 3 | H4: =(E4/D4)*100 -> 62.23092 | I4: =(G4/$D$29)*100 -> 0.29268293 | K4: llama3 | L4: =H5-H6 -> 0.7657639 | N4: =H4-H5 -> 2.3876289 | P4: =H4-H6 -> 3.1533928
C5: Prompt ES | D5: 1021 | E5: 611 | F5: 410 | G5: 4 | H5: =(E5/D5)*100 -> 59.843291 | I5: =(G5/$D$29)*100 -> 0.3902439 | K5: mistral | L5: =H8-H9 -> 13.66058 | N5: =H7-H8 -> -2.5011807 | P5: =H7-H9 -> 11.159399
C6: No prompt | D6: 1019 | E6: 602 | F6: 417 | G6: 6 | H6: =(E6/D6)*100 -> 59.077527 | I6: =(G6/$D$29)*100 -> 0.58536585 | K6: gemma | L6: =H11-H12 -> 0.0088341937 | N6: =H10-H11 -> 1.0168529 | P6: =H10-H12 -> 1.0256871
B7: mistral | C7: Prompt EN | D7: 1016 | E7: 572 | F7: 444 | G7: 9 | H7: =(E7/D7)*100 -> 56.299213 | I7: =(G7/$D$29)*100 -> 0.87804878 | K7: deepseek-coder | L7: =H14-H15 -> 1.6344086 | N7: =H13-H14 -> 5.1487629 | P7: =H13-H15 -> 6.7831715
C8: Prompt ES | D8: 1017 | E8: 598 | F8: 419 | G8: 8 | H8: =(E8/D8)*100 -> 58.800393 | I8: =(G8/$D$29)*100 -> 0.7804878 | K8: deepseek-llm | M8: =H17-H14 -> 13.922065 | N8: =H16-H17 -> -0.45406026 | O8: =H16-H13 -> 8.319242 | P8: =H16-H15 -> 15.102414
C9: No prompt | D9: 751 | E9: 339 | F9: 412 | G9: 274 | H9: =(E9/D9)*100 -> 45.139814 | I9: =(G9/$D$29)*100 -> 26.731707 | K9: phi3 | L9: =H20-H21 -> 31.073823 | N9: =H19-H20 -> -18.207028 | P9: =H19-H21 -> 12.866794
B10: gemma | C10: Prompt EN | D10: 1018 | E10: 579 | F10: 439 | G10: 7 | H10: =(E10/D10)*100 -> 56.876228 | I10: =(G10/$D$29)*100 -> 0.68292683 | K10: phi3:instruct | M10: =H23-H20 -> -4.7034213 | N10: =H22-H23 -> -29.698491 | O10: =H22-H20 -> -34.401913 | P10: =H22-H21 -> -3.3280901
C11: Prompt ES | D11: 1024 | E11: 572 | F11: 452 | G11: 1 | H11: =(E11/D11)*100 -> 55.859375 | I11: =(G11/$D$29)*100 -> 0.097560976
C12: No prompt | D12: 1017 | E12: 568 | F12: 449 | G12: 8 | H12: =(E12/D12)*100 -> 55.850541 | I12: =(G12/$D$29)*100 -> 0.7804878
B13: deepseek-coder | C13: Prompt EN | D13: 309 | E13: 91 | F13: 218 | G13: 716 | H13: =(E13/D13)*100 -> 29.449838 | I13: =(G13/$D$29)*100 -> 69.853659
C14: Prompt ES | D14: 465 | E14: 113 | F14: 352 | G14: 560 | H14: =(E14/D14)*100 -> 24.301075 | I14: =(G14/$D$29)*100 -> 54.634146
C15: No prompt | D15: 75 | E15: 17 | F15: 58 | G15: 950 | H15: =(E15/D15)*100 -> 22.666667 | I15: =(G15/$D$29)*100 -> 92.682927 | K15: Ranking
B16: deepseek-llm | C16: Prompt EN | D16: 1022 | E16: 386 | F16: 636 | G16: 3 | H16: =(E16/D16)*100 -> 37.76908 | I16: =(G16/$D$29)*100 -> 0.29268293 | K16: No Prompt | M16: Prompt ES | O16: Prompt EN
C17: Prompt ES | D17: 968 | E17: 370 | F17: 598 | G17: 57 | H17: =(E17/D17)*100 -> 38.22314 | I17: =(G17/$D$29)*100 -> 5.5609756 | K17: Modelo | L17: % aciertos | M17: Modelo | N17: % aciertos | O17: Modelo | P17: % aciertos
C18: No prompt | K18: llama3 | L18: 59.077527 | M18: phi3 | N18: 60.861057 | O18: llama3 | P18: 62.23092
B19: phi3 | C19: Prompt EN | D19: 422 | E19: 180 | F19: 252 | G19: 593 | H19: =(E19/D19)*100 -> 42.654028 | I19: =(G19/$D$29)*100 -> 57.853659 | K19: gemma | L19: 55.850541 | M19: llama3 | N19: 59.843291 | O19: gemma | P19: 56.876228
C20: Prompt ES | D20: 1022 | E20: 622 | F20: 400 | G20: 3 | H20: =(E20/D20)*100 -> 60.861057 | I20: =(G20/$D$29)*100 -> 0.29268293 | K20: mistral | L20: 45.139814 | M20: mistral | N20: 58.800393 | O20: mistral | P20: 56.299213
C21: No prompt | D21: 235 | E21: 70 | F21: 165 | G21: 790 | H21: =(E21/D21)*100 -> 29.787234 | I21: =(G21/$D$29)*100 -> 77.073171 | K21: phi3 | L21: 29.787234 | M21: phi3:instruct | N21: 56.157635 | O21: phi3 | P21: 42.654028
B22: phi3:instruct | C22: Prompt EN | D22: 257 | E22: 68 | F22: 189 | G22: 768 | H22: =(E22/D22)*100 -> 26.459144 | I22: =(G22/$D$29)*100 -> 74.926829 | K22: deepseek-coder | L22: 22.666667 | M22: gemma | N22: 55.859375 | O22: deepseek-llm | P22: 37.76908
C23: Prompt ES | D23: 812 | E23: 456 | F23: 356 | G23: 213 | H23: =(E23/D23)*100 -> 56.157635 | I23: =(G23/$D$29)*100 -> 20.780488 | M23: deepseek-llm | N23: 38.22314 | O23: deepseek-coder | P23: 29.449838
C24: No prompt | M24: deepseek-coder | N24: 24.301075 | O24: phi3:instruct | P24: 26.459144
B27: nº TOTAL DE PREGUNTAS
B28: tipo | C28: esperado | D28: obtenido
B29: texto | C29: 1025 | D29: 1025
B30: imagen | C30: 0
B31: TOTAL | C31: =SUM(C29:C30) -> 1025 | D31: =SUM(D29:D30) -> 1025

Sheet FARMACIA
B2: ANÁLISIS GLOBAL | K2: MEJORA % de ACIERTOS
B3: MODELO | D3: Respondidas por el modelo | E3: Aciertos | F3: Errores | G3: Sin respuesta | H3: % de aciertos | I3: % sin respuestas | K3: MODELO | L3: Prompt ES vs No Prompt | M3: Prompt upgrade ES vs Prompt general ES | N3: Prompt EN vs Prompt ES | O3: Prompt upgrade EN vs Prompt general EN | P3: Prompt EN No Prompt
B4: llama3 | C4: Prompt EN | D4: 1025 | E4: 516 | F4: 509 | G4: 0 | H4: =(E4/D4)*100 -> 50.341463 | I4: =(G4/$D$29)*100 -> 0 | K4: llama3 | L4: =H5-H6 -> 1.804878 | N4: =H4-H5 -> -1.4634146 | P4: =H4-H6 -> 0.34146341
C5: Prompt ES | D5: 1025 | E5: 531 | F5: 494 | G5: 0 | H5: =(E5/D5)*100 -> 51.804878 | I5: =(G5/$D$29)*100 -> 0 | K5: mistral | L5: =H8-H9 -> 6.9809678 | N5: =H7-H8 -> -0.11107956 | P5: =H7-H9 -> 6.8698882
C6: No prompt | D6: 1016 | E6: 508 | F6: 508 | G6: 9 | H6: =(E6/D6)*100 -> 50 | I6: =(G6/$D$29)*100 -> 0.87804878 | K6: gemma | L6: =H11-H12 -> 0.61227255 | N6: =H10-H11 -> -0.71938029 | P6: =H10-H12 -> -0.10710774
B7: mistral | C7: Prompt EN | D7: 1021 | E7: 456 | F7: 565 | G7: 4 | H7: =(E7/D7)*100 -> 44.662096 | I7: =(G7/$D$29)*100 -> 0.3902439 | K7: deepseek-coder | L7: =H14-H15 -> -5.5248134 | N7: =H13-H14 -> 0.24074612 | P7: =H13-H15 -> -5.2840672
C8: Prompt ES | D8: 1014 | E8: 454 | F8: 500 | G8: 11 | H8: =(E8/D8)*100 -> 44.773176 | I8: =(G8/$D$29)*100 -> 1.0731707 | K8: deepseek-llm | M8: =H17-H14 -> 8.6600179 | N8: =H16-H17 -> -2.2186127 | O8: =H16-H13 -> 6.2006591 | P8: =H16-H15 -> 0.91659185
C9: No prompt | D9: 770 | E9: 291 | F9: 479 | G9: 255 | H9: =(E9/D9)*100 -> 37.792208 | I9: =(G9/$D$29)*100 -> 24.878049 | K9: phi3 | L9: =H20-H21 -> 14.516207 | N9: =H19-H20 -> -8.8394951 | P9: =H19-H21 -> 5.6767119
B10: gemma | C10: Prompt EN | D10: 1017 | E10: 461 | F10: 556 | G10: 8 | H10: =(E10/D10)*100 -> 45.3294 | I10: =(G10/$D$29)*100 -> 0.7804878 | K10: phi3:instruct | M10: =H23-H20 -> -0.3175537 | N10: =H22-H23 -> -23.273192 | O10: =H22-H20 -> -23.590745 | P10: =H22-H21 -> -9.0745383
C11: Prompt ES | D11: 1025 | E11: 472 | F11: 553 | G11: 0 | H11: =(E11/D11)*100 -> 46.04878 | I11: =(G11/$D$29)*100 -> 0
C12: No prompt | D12: 1008 | E12: 458 | F12: 550 | G12: 17 | H12: =(E12/D12)*100 -> 45.436508 | I12: =(G12/$D$29)*100 -> 1.6585366
B13: deepseek-coder | C13: Prompt EN | D13: 313 | E13: 76 | F13: 237 | G13: 712 | H13: =(E13/D13)*100 -> 24.28115 | I13: =(G13/$D$29)*100 -> 69.463415
C14: Prompt ES | D14: 495 | E14: 119 | F14: 376 | G14: 530 | H14: =(E14/D14)*100 -> 24.040404 | I14: =(G14/$D$29)*100 -> 51.707317
C15: No prompt | D15: 115 | E15: 34 | F15: 81 | G15: 910 | H15: =(E15/D15)*100 -> 29.565217 | I15: =(G15/$D$29)*100 -> 88.780488 | K15: Ranking
B16: deepseek-llm | C16: Prompt EN | D16: 1017 | E16: 310 | F16: 707 | G16: 8 | H16: =(E16/D16)*100 -> 30.481809 | I16: =(G16/$D$29)*100 -> 0.7804878 | K16: No Prompt | M16: Prompt ES | O16: Prompt EN
C17: Prompt ES | D17: 948 | E17: 310 | F17: 638 | G17: 77 | H17: =(E17/D17)*100 -> 32.700422 | I17: =(G17/$D$29)*100 -> 7.5121951 | K17: Modelo | L17: % aciertos | M17: Modelo | N17: % aciertos | O17: Modelo | P17: % aciertos
C18: No prompt | K18: llama3 | L18: 50 | M18: llama3 | N18: 51.804878 | O18: llama3 | P18: 50.341463
B19: phi3 | C19: Prompt EN | D19: 382 | E19: 142 | F19: 240 | G19: 643 | H19: =(E19/D19)*100 -> 37.172775 | I19: =(G19/$D$29)*100 -> 62.731707 | K19: gemma | L19: 45.436508 | M19: gemma | N19: 46.04878 | O19: gemma | P19: 45.3294
C20: Prompt ES | D20: 978 | E20: 450 | F20: 528 | G20: 47 | H20: =(E20/D20)*100 -> 46.01227 | I20: =(G20/$D$29)*100 -> 4.5853659 | K20: mistral | L20: 37.792208 | M20: phi3 | N20: 46.01227 | O20: mistral | P20: 44.662096
C21: No prompt | D21: 254 | E21: 80 | F21: 174 | G21: 771 | H21: =(E21/D21)*100 -> 31.496063 | I21: =(G21/$D$29)*100 -> 75.219512 | K21: phi3 | L21: 31.496063 | M21: phi3:instruct | N21: 45.694716 | O21: phi3 | P21: 37.172775
B22: phi3:instruct | C22: Prompt EN | D22: 223 | E22: 50 | F22: 173 | G22: 802 | H22: =(E22/D22)*100 -> 22.421525 | I22: =(G22/$D$29)*100 -> 78.243902 | K22: deepseek-coder | L22: 29.565217 | M22: mistral | N22: 44.773176 | O22: deepseek-llm | P22: 30.481809
C23: Prompt ES | D23: 1022 | E23: 467 | F23: 555 | G23: 3 | H23: =(E23/D23)*100 -> 45.694716 | I23: =(G23/$D$29)*100 -> 0.29268293 | M23: deepseek-llm | N23: 32.700422 | O23: deepseek-coder | P23: 24.28115
C24: No prompt | M24: deepseek-coder | N24: 24.040404 | O24: phi3:instruct | P24: 22.421525
B27: nº TOTAL DE PREGUNTAS
B28: tipo | C28: esperado | D28: obtenido
B29: texto | C29: 1025 | D29: 1025
B30: imagen | C30: 0
B31: TOTAL | C31: =SUM(C29:C30) -> 1025 | D31: =SUM(D29:D30) -> 1025

Sheet PSICOLOGÍA
B2: ANÁLISIS GLOBAL | K2: MEJORA % de ACIERTOS
B3: MODELO | D3: Respondidas por el modelo | E3: Aciertos | F3: Errores | G3: Sin respuesta | H3: % de aciertos | I3: % sin respuestas | K3: MODELO | L3: Prompt ES vs No Prompt | M3: Prompt upgrade ES vs Prompt general ES | N3: Prompt EN vs Prompt ES | O3: Prompt upgrade EN vs Prompt general EN | P3: Prompt EN No Prompt
B4: llama3 | C4: Prompt EN | D4: 1025 | E4: 490 | F4: 535 | G4: 0 | H4: =(E4/D4)*100 -> 47.804878 | I4: =(G4/$D$29)*100 -> 0 | K4: llama3 | L4: =H5-H6 -> 4.3228574 | N4: =H4-H5 -> -0.29268293 | P4: =H4-H6 -> 4.0301745
C5: Prompt ES | D5: 1025 | E5: 493 | F5: 532 | G5: 0 | H5: =(E5/D5)*100 -> 48.097561 | I5: =(G5/$D$29)*100 -> 0 | K5: mistral | L5: =H8-H9 -> 12.619834 | N5: =H7-H8 -> -1.1845888 | P5: =H7-H9 -> 11.435245
C6: No prompt | D6: 1012 | E6: 443 | F6: 569 | G6: 13 | H6: =(E6/D6)*100 -> 43.774704 | I6: =(G6/$D$29)*100 -> 1.2682927 | K6: gemma | L6: =H11-H12 -> 0.043539609 | N6: =H10-H11 -> 0.3902439 | P6: =H10-H12 -> 0.43378351
B7: mistral | C7: Prompt EN | D7: 1023 | E7: 456 | F7: 567 | G7: 2 | H7: =(E7/D7)*100 -> 44.57478 | I7: =(G7/$D$29)*100 -> 0.19512195 | K7: deepseek-coder | L7: =H14-H15 -> 3.2953708 | N7: =H13-H14 -> -1.7023191 | P7: =H13-H15 -> 1.5930517
C8: Prompt ES | D8: 1014 | E8: 464 | F8: 550 | G8: 11 | H8: =(E8/D8)*100 -> 45.759369 | I8: =(G8/$D$29)*100 -> 1.0731707 | K8: deepseek-llm | M8: =H17-H14 -> 2.3954604 | N8: =H16-H17 -> -1.2852572 | O8: =H16-H13 -> 2.8125223 | P8: =H16-H15 -> 4.405574
C9: No prompt | D9: 688 | E9: 228 | F9: 460 | G9: 337 | H9: =(E9/D9)*100 -> 33.139535 | I9: =(G9/$D$29)*100 -> 32.878049 | K9: phi3 | L9: =H20-H21 -> 18.342876 | N9: =H19-H20 -> -11.979104 | P9: =H19-H21 -> 6.3637718
B10: gemma | C10: Prompt EN | D10: 1025 | E10: 428 | F10: 597 | G10: 0 | H10: =(E10/D10)*100 -> 41.756098 | I10: =(G10/$D$29)*100 -> 0 | K10: phi3:instruct | M10: =H23-H20 -> -1.7984947 | N10: =H22-H23 -> -11.26638 | O10: =H22-H20 -> -13.064874 | P10: =H22-H21 -> 5.2780016
C11: Prompt ES | D11: 1025 | E11: 424 | F11: 601 | G11: 0 | H11: =(E11/D11)*100 -> 41.365854 | I11: =(G11/$D$29)*100 -> 0
C12: No prompt | D12: 968 | E12: 400 | F12: 568 | G12: 57 | H12: =(E12/D12)*100 -> 41.322314 | I12: =(G12/$D$29)*100 -> 5.5609756
B13: deepseek-coder | C13: Prompt EN | D13: 358 | E13: 98 | F13: 260 | G13: 667 | H13: =(E13/D13)*100 -> 27.374302 | I13: =(G13/$D$29)*100 -> 65.073171
C14: Prompt ES | D14: 509 | E14: 148 | F14: 361 | G14: 516 | H14: =(E14/D14)*100 -> 29.076621 | I14: =(G14/$D$29)*100 -> 50.341463
C15: No prompt | D15: 128 | E15: 33 | F15: 95 | G15: 897 | H15: =(E15/D15)*100 -> 25.78125 | I15: =(G15/$D$29)*100 -> 87.512195 | K15: Ranking
B16: deepseek-llm | C16: Prompt EN | D16: 1017 | E16: 307 | F16: 710 | G16: 8 | H16: =(E16/D16)*100 -> 30.186824 | I16: =(G16/$D$29)*100 -> 0.7804878 | K16: No Prompt | M16: Prompt ES | O16: Prompt EN
C17: Prompt ES | D17: 985 | E17: 310 | F17: 675 | G17: 40 | H17: =(E17/D17)*100 -> 31.472081 | I17: =(G17/$D$29)*100 -> 3.902439 | K17: Modelo | L17: % aciertos | M17: Modelo | N17: % aciertos | O17: Modelo | P17: % aciertos
C18: No prompt | K18: llama3 | L18: 43.774704 | M18: llama3 | N18: 48.097561 | O18: llama3 | P18: 47.804878
B19: phi3 | C19: Prompt EN | D19: 521 | E19: 164 | F19: 357 | G19: 504 | H19: =(E19/D19)*100 -> 31.477927 | I19: =(G19/$D$29)*100 -> 49.170732 | K19: gemma | L19: 41.322314 | M19: mistral | N19: 45.759369 | O19: mistral | P19: 44.57478
C20: Prompt ES | D20: 1024 | E20: 445 | F20: 579 | G20: 1 | H20: =(E20/D20)*100 -> 43.457031 | I20: =(G20/$D$29)*100 -> 0.097560976 | K20: mistral | L20: 33.139535 | M20: phi3 | N20: 43.457031 | O20: gemma | P20: 41.756098
C21: No prompt | D21: 219 | E21: 55 | F21: 164 | G21: 806 | H21: =(E21/D21)*100 -> 25.114155 | I21: =(G21/$D$29)*100 -> 78.634146 | K21: deepseek-coder | L21: 25.78125 | M21: phi3:instruct | N21: 41.658537 | O21: phi3 | P21: 31.477927
B22: phi3:instruct | C22: Prompt EN | D22: 204 | E22: 62 | F22: 142 | G22: 821 | H22: =(E22/D22)*100 -> 30.392157 | I22: =(G22/$D$29)*100 -> 80.097561 | K22: phi3 | L22: 25.114155 | M22: gemma | N22: 41.365854 | O22: phi3:instruct | P22: 30.392157
C23: Prompt ES | D23: 1025 | E23: 427 | F23: 598 | G23: 0 | H23: =(E23/D23)*100 -> 41.658537 | I23: =(G23/$D$29)*100 -> 0 | M23: deepseek-llm | N23: 31.472081 | O23: deepseek-llm | P23: 30.186824
C24: No prompt | M24: deepseek-coder | N24: 29.076621 | O24: deepseek-coder | P24: 27.374302
B27: nº TOTAL DE PREGUNTAS
B28: tipo | C28: esperado | D28: obtenido
B29: texto | C29: 1025 | D29: 1025
B30: imagen | C30: 0
B31: TOTAL | C31: =SUM(C29:C30) -> 1025 | D31: =SUM(D29:D30) -> 1025

Sheet FÍSICA
B2: ANÁLISIS GLOBAL | K2: MEJORA % de ACIERTOS
B3: MODELO | D3: Respondidas por el modelo | E3: Aciertos | F3: Errores | G3: Sin respuesta | H3: % de aciertos | I3: % sin respuestas | K3: MODELO | L3: Prompt ES vs No Prompt | M3: Prompt upgrade ES vs Prompt general ES | N3: Prompt EN vs Prompt ES | O3: Prompt upgrade EN vs Prompt general EN | P3: Prompt EN No Prompt
B4: llama3 | C4: Prompt EN | D4: 1019 | E4: 363 | F4: 656 | G4: 6 | H4: =(E4/D4)*100 -> 35.62316 | I4: =(G4/$D$29)*100 -> 0.58536585 | K4: llama3 | L4: =H5-H6 -> 2.0905441 | N4: =H4-H5 -> 0.75538327 | P4: =H4-H6 -> 2.8459274
C5: Prompt ES | D5: 1021 | E5: 356 | F5: 665 | G5: 4 | H5: =(E5/D5)*100 -> 34.867777 | I5: =(G5/$D$29)*100 -> 0.3902439 | K5: mistral | L5: =H8-H9 -> 2.3446254 | N5: =H7-H8 -> 0.85759322 | P5: =H7-H9 -> 3.2022186
C6: No prompt | D6: 1019 | E6: 334 | F6: 685 | G6: 6 | H6: =(E6/D6)*100 -> 32.777233 | I6: =(G6/$D$29)*100 -> 0.58536585 | K6: gemma | L6: =H11-H12 -> 2.4437928 | N6: =H10-H11 -> -0.60678542 | P6: =H10-H12 -> 1.8370073
B7: mistral | C7: Prompt EN | D7: 1005 | E7: 334 | F7: 671 | G7: 20 | H7: =(E7/D7)*100 -> 33.233831 | I7: =(G7/$D$29)*100 -> 1.9512195 | K7: deepseek-coder | L7: =H14-H15 -> -1.3303332 | N7: =H13-H14 -> 3.0751916 | P7: =H13-H15 -> 1.7448584
C8: Prompt ES | D8: 1010 | E8: 327 | F8: 683 | G8: 15 | H8: =(E8/D8)*100 -> 32.376238 | I8: =(G8/$D$29)*100 -> 1.4634146 | K8: deepseek-llm | M8: =H17-H14 -> 4.1269164 | N8: =H16-H17 -> -0.56051095 | O8: =H16-H13 -> 0.49121384 | P8: =H16-H15 -> 2.2360722
C9: No prompt | D9: 949 | E9: 285 | F9: 664 | G9: 76 | H9: =(E9/D9)*100 -> 30.031612 | I9: =(G9/$D$29)*100 -> 7.4146341 | K9: phi3 | L9: =H20-H21 -> 4.747944 | N9: =H19-H20 -> -5.1300815 | P9: =H19-H21 -> -0.38213757
B10: gemma | C10: Prompt EN | D10: 998 | E10: 351 | F10: 647 | G10: 27 | H10: =(E10/D10)*100 -> 35.170341 | I10: =(G10/$D$29)*100 -> 2.6341463 | K10: phi3:instruct | M10: =H23-H20 -> 0.39191232 | N10: =H22-H23 -> -6.3887929 | O10: =H22-H20 -> -5.9968806 | P10: =H22-H21 -> -1.2489367
C11: Prompt ES | D11: 1023 | E11: 366 | F11: 657 | G11: 2 | H11: =(E11/D11)*100 -> 35.777126 | I11: =(G11/$D$29)*100 -> 0.19512195
C12: No prompt | D12: 996 | E12: 332 | F12: 664 | G12: 29 | H12: =(E12/D12)*100 -> 33.333333 | I12: =(G12/$D$29)*100 -> 2.8292683
B13: deepseek-coder | C13: Prompt EN | D13: 562 | E13: 144 | F13: 418 | G13: 463 | H13: =(E13/D13)*100 -> 25.622776 | I13: =(G13/$D$29)*100 -> 45.170732
C14: Prompt ES | D14: 683 | E14: 154 | F14: 529 | G14: 342 | H14: =(E14/D14)*100 -> 22.547584 | I14: =(G14/$D$29)*100 -> 33.365854
C15: No prompt | D15: 557 | E15: 133 | F15: 424 | G15: 468 | H15: =(E15/D15)*100 -> 23.877917 | I15: =(G15/$D$29)*100 -> 45.658537 | K15: Ranking
B16: deepseek-llm | C16: Prompt EN | D16: 965 | E16: 252 | F16: 713 | G16: 60 | H16: =(E16/D16)*100 -> 26.11399 | I16: =(G16/$D$29)*100 -> 5.8536585 | K16: No Prompt | M16: Prompt ES | O16: Prompt EN
C17: Prompt ES | D17: 851 | E17: 227 | F17: 624 | G17: 174 | H17: =(E17/D17)*100 -> 26.674501 | I17: =(G17/$D$29)*100 -> 16.97561 | K17: Modelo | L17: % aciertos | M17: Modelo | N17: % aciertos | O17: Modelo | P17: % aciertos
C18: No prompt | K18: gemma | L18: 33.333333 | M18: gemma | N18: 35.777126 | O18: llama3 | P18: 35.62316
B19: phi3 | C19: Prompt EN | D19: 373 | E19: 96 | F19: 277 | G19: 652 | H19: =(E19/D19)*100 -> 25.737265 | I19: =(G19/$D$29)*100 -> 63.609756 | K19: llama3 | L19: 32.777233 | M19: llama3 | N19: 34.867777 | O19: gemma | P19: 35.170341
C20: Prompt ES | D20: 784 | E20: 242 | F20: 542 | G20: 241 | H20: =(E20/D20)*100 -> 30.867347 | I20: =(G20/$D$29)*100 -> 23.512195 | K20: mistral | L20: 30.031612 | M20: mistral | N20: 32.376238 | O20: mistral | P20: 33.233831
C21: No prompt | D21: 268 | E21: 70 | F21: 198 | G21: 757 | H21: =(E21/D21)*100 -> 26.119403 | I21: =(G21/$D$29)*100 -> 73.853659 | K21: phi3 | L21: 26.119403 | M21: phi3:instruct | N21: 31.259259 | O21: deepseek-llm | P21: 26.11399
B22: phi3:instruct | C22: Prompt EN | D22: 193 | E22: 48 | F22: 145 | G22: 832 | H22: =(E22/D22)*100 -> 24.870466 | I22: =(G22/$D$29)*100 -> 81.170732 | K22: deepseek-coder | L22: 23.877917 | M22: phi3 | N22: 30.867347 | O22: phi3 | P22: 25.737265
C23: Prompt ES | D23: 675 | E23: 211 | F23: 464 | G23: 350 | H23: =(E23/D23)*100 -> 31.259259 | I23: =(G23/$D$29)*100 -> 34.146341 | M23: deepseek-llm | N23: 26.674501 | O23: deepseek-coder | P23: 25.622776
C24: No prompt | M24: deepseek-coder | N24: 22.547584 | O24: phi3:instruct | P24: 24.870466
B27: nº TOTAL DE PREGUNTAS
B28: tipo | C28: esperado | D28: obtenido
B29: texto | C29: 1025 | D29: 1025
B30: imagen | C30: 0
B31: TOTAL | C31: =SUM(C29:C30) -> 1025 | D31: =SUM(D29:D30) -> 1025

Sheet QUÍMICA
B2: ANÁLISIS GLOBAL | K2: MEJORA % de ACIERTOS
B3: MODELO | D3: Respondidas por el modelo | E3: Aciertos | F3: Errores | G3: Sin respuesta | H3: % de aciertos | I3: % sin respuestas | K3: MODELO | L3: Prompt ES vs No Prompt | M3: Prompt upgrade ES vs Prompt general ES | N3: Prompt EN vs Prompt ES | O3: Prompt upgrade EN vs Prompt general EN | P3: Prompt EN No Prompt
B4: llama3 | C4: Prompt EN | D4: 1008 | E4: 465 | F4: 543 | G4: 2 | H4: =(E4/D4)*100 -> 46.130952 | I4: =(G4/$D$29)*100 -> 0.1980198 | K4: llama3 | L4: =H5-H6 -> 2.8264899 | N4: =H4-H5 -> 1.4880952 | P4: =H4-H6 -> 4.3145851
C5: Prompt ES | D5: 1008 | E5: 450 | F5: 558 | G5: 2 | H5: =(E5/D5)*100 -> 44.642857 | I5: =(G5/$D$29)*100 -> 0.1980198 | K5: mistral | L5: =H8-H9 -> 7.5848521 | N5: =H7-H8 -> 0.88688647 | P5: =H7-H9 -> 8.4717386
C6: No prompt | D6: 1002 | E6: 419 | F6: 583 | G6: 8 | H6: =(E6/D6)*100 -> 41.816367 | I6: =(G6/$D$29)*100 -> 0.79207921 | K6: gemma | L6: =H11-H12 -> 0.11774423 | N6: =H10-H11 -> -0.46138614 | P6: =H10-H12 -> -0.34364191
B7: mistral | C7: Prompt EN | D7: 1006 | E7: 427 | F7: 579 | G7: 4 | H7: =(E7/D7)*100 -> 42.445328 | I7: =(G7/$D$29)*100 -> 0.3960396 | K7: deepseek-coder | L7: =H14-H15 -> -0.88776643 | N7: =H13-H14 -> 0.59097277 | P7: =H13-H15 -> -0.29679366
C8: Prompt ES | D8: 1001 | E8: 416 | F8: 585 | G8: 9 | H8: =(E8/D8)*100 -> 41.558442 | I8: =(G8/$D$29)*100 -> 0.89108911 | K8: deepseek-llm | M8: =H17-H14 -> 4.8485668 | N8: =H16-H17 -> 2.7653033 | O8: =H16-H13 -> 7.0228973 | P8: =H16-H15 -> 6.7261036
C9: No prompt | D9: 833 | E9: 283 | F9: 550 | G9: 177 | H9: =(E9/D9)*100 -> 33.973589 | I9: =(G9/$D$29)*100 -> 17.524752 | K9: phi3 | L9: =H20-H21 -> 22.792659 | N9: =H19-H20 -> -6.7341612 | P9: =H19-H21 -> 16.058498
B10: gemma | C10: Prompt EN | D10: 1000 | E10: 434 | F10: 566 | G10: 10 | H10: =(E10/D10)*100 -> 43.4 | I10: =(G10/$D$29)*100 -> 0.99009901 | K10: phi3:instruct | M10: =H23-H20 -> -3.377292 | N10: =H22-H23 -> -16.919911 | O10: =H22-H20 -> -20.297203 | P10: =H22-H21 -> 2.495456
C11: Prompt ES | D11: 1010 | E11: 443 | F11: 567 | G11: 0 | H11: =(E11/D11)*100 -> 43.861386 | I11: =(G11/$D$29)*100 -> 0
C12: No prompt | D12: 983 | E12: 430 | F12: 553 | G12: 27 | H12: =(E12/D12)*100 -> 43.743642 | I12: =(G12/$D$29)*100 -> 2.6732673
B13: deepseek-coder | C13: Prompt EN | D13: 442 | E13: 108 | F13: 334 | G13: 568 | H13: =(E13/D13)*100 -> 24.434389 | I13: =(G13/$D$29)*100 -> 56.237624
C14: Prompt ES | D14: 562 | E14: 134 | F14: 428 | G14: 448 | H14: =(E14/D14)*100 -> 23.843416 | I14: =(G14/$D$29)*100 -> 44.356436
C15: No prompt | D15: 186 | E15: 46 | F15: 140 | G15: 824 | H15: =(E15/D15)*100 -> 24.731183 | I15: =(G15/$D$29)*100 -> 81.584158 | K15: Ranking
B16: deepseek-llm | C16: Prompt EN | D16: 995 | E16: 313 | F16: 682 | G16: 14 | H16: =(E16/D16)*100 -> 31.457286 | I16: =(G16/$D$29)*100 -> 1.3861386 | K16: No Prompt | M16: Prompt ES | O16: Prompt EN
C17: Prompt ES | D17: 948 | E17: 272 | F17: 676 | G17: 62 | H17: =(E17/D17)*100 -> 28.691983 | I17: =(G17/$D$29)*100 -> 6.1386139 | K17: Modelo | L17: % aciertos | M17: Modelo | N17: % aciertos | O17: Modelo | P17: % aciertos
C18: No prompt | K18: gemma | L18: 43.743642 | M18: phi3 | N18: 44.920319 | O18: llama3 | P18: 46.130952
B19: phi3 | C19: Prompt EN | D19: 419 | E19: 160 | F19: 259 | G19: 591 | H19: =(E19/D19)*100 -> 38.186158 | I19: =(G19/$D$29)*100 -> 58.514851 | K19: llama3 | L19: 41.816367 | M19: llama3 | N19: 44.642857 | O19: gemma | P19: 43.4
C20: Prompt ES | D20: 1004 | E20: 451 | F20: 553 | G20: 6 | H20: =(E20/D20)*100 -> 44.920319 | I20: =(G20/$D$29)*100 -> 0.59405941 | K20: mistral | L20: 33.973589 | M20: gemma | N20: 43.861386 | O20: mistral | P20: 42.445328
C21: No prompt | D21: 235 | E21: 52 | F21: 183 | G21: 775 | H21: =(E21/D21)*100 -> 22.12766 | I21: =(G21/$D$29)*100 -> 76.732673 | K21: deepseek-coder | L21: 24.731183 | M21: mistral | N21: 41.558442 | O21: phi3 | P21: 38.186158
B22: phi3:instruct | C22: Prompt EN | D22: 199 | E22: 49 | F22: 150 | G22: 811 | H22: =(E22/D22)*100 -> 24.623116 | I22: =(G22/$D$29)*100 -> 80.29703 | K22: phi3 | L22: 22.12766 | M22: phi3:instruct | N22: 41.543027 | O22: deepseek-llm | P22: 31.457286
C23: Prompt ES | D23: 337 | E23: 140 | F23: 197 | G23: 673 | H23: =(E23/D23)*100 -> 41.543027 | I23: =(G23/$D$29)*100 -> 66.633663 | M23: deepseek-llm | N23: 28.691983 | O23: phi3:instruct | P23: 24.623116
C24: No prompt | M24: deepseek-coder | N24: 23.843416 | O24: deepseek-coder | P24: 24.434389
B27: nº TOTAL DE PREGUNTAS
B28: tipo | C28: esperado | D28: obtenido
B29: texto | C29: 1010 | D29: 1010
B30: imagen | C30: 0
B31: TOTAL | C31: =SUM(C29:C30) -> 1010 | D31: =SUM(D29:D30) -> 1010
