Workbook

Sheet Prueba_BIOLOGIA_2020
B2: Prueba BIOLOGIA 2020 | K2: MEJORA % de ACIERTOS
B3: MODELO | D3: Respondidas por el modelo | E3: Aciertos | F3: Errores | G3: Sin respuesta | H3: % de aciertos | I3: % sin respuestas | K3: MODELO | L3: Prompt ES vs No Prompt | M3: Prompt upgrade ES vs Prompt general ES | N3: Prompt EN vs Prompt ES | O3: Prompt upgrade EN vs Prompt general EN | P3: Prompt EN No Prompt
B4: llama3 | C4: Prompt EN | D4: 185 | E4: 107 | F4: 78 | G4: 0 | H4: =(E4/D4)*100 -> 57.837838 | I4: =(G4/$D$29)*100 -> 0 | K4: llama3 | L4: =H5-H6 -> 7.5675676 | N4: =H4-H5 -> -4.8648649 | P4: =H4-H6 -> 2.7027027
C5: Prompt ES | D5: 185 | E5: 116 | F5: 69 | G5: 0 | H5: =(E5/D5)*100 -> 62.702703 | I5: =(G5/$D$29)*100 -> 0 | K5: mistral | L5: =H8-H9 -> 17.157004 | N5: =H7-H8 -> -0.54054054 | P5: =H7-H9 -> 16.616464
C6: No prompt | D6: 185 | E6: 102 | F6: 83 | G6: 0 | H6: =(E6/D6)*100 -> 55.135135 | I6: =(G6/$D$29)*100 -> 0 | K6: gemma | L6: =H11-H12 -> 4.0188014 | N6: =H10-H11 -> -0.43125092 | P6: =H10-H12 -> 3.5875505
B7: mistral | C7: Prompt EN | D7: 185 | E7: 107 | F7: 78 | G7: 0 | H7: =(E7/D7)*100 -> 57.837838 | I7: =(G7/$D$29)*100 -> 0 | K7: deepseek-coder | L7: =H14-H15 -> 6.7307692 | N7: =H13-H14 -> -17.5 | P7: =H13-H15 -> -10.769231
C8: Prompt ES | D8: 185 | E8: 108 | F8: 77 | G8: 0 | H8: =(E8/D8)*100 -> 58.378378 | I8: =(G8/$D$29)*100 -> 0 | K8: deepseek-llm | M8: =H17-H14 -> 6.5 | N8: =H16-H17 -> -7.7362637 | O8: =H16-H13 -> 16.263736 | P8: =H16-H15 -> 5.4945055
C9: No prompt | D9: 131 | E9: 54 | F9: 77 | G9: 54 | H9: =(E9/D9)*100 -> 41.221374 | I9: =(G9/$D$29)*100 -> 29.189189 | K9: phi3 | L9: =H20-H21 -> 12.068966 | N9: =H19-H20 -> 8.9189189 | P9: =H19-H21 -> 20.987884
B10: gemma | C10: Prompt EN | D10: 183 | E10: 110 | F10: 73 | G10: 2 | H10: =(E10/D10)*100 -> 60.10929 | I10: =(G10/$D$29)*100 -> 1.0810811 | K10: phi3:instruct | M10: =H23-H20 -> -16.990291 | N10: =H22-H23 -> 30.774075 | O10: =H22-H20 -> 13.783784 | P10: =H22-H21 -> 25.852749
C11: Prompt ES | D11: 185 | E11: 112 | F11: 73 | G11: 0 | H11: =(E11/D11)*100 -> 60.540541 | I11: =(G11/$D$29)*100 -> 0
C12: No prompt | D12: 184 | E12: 104 | F12: 80 | G12: 1 | H12: =(E12/D12)*100 -> 56.521739 | I12: =(G12/$D$29)*100 -> 0.54054054
B13: deepseek-coder | C13: Prompt EN | D13: 25 | E13: 5 | F13: 20 | G13: 160 | H13: =(E13/D13)*100 -> 20 | I13: =(G13/$D$29)*100 -> 86.486486
C14: Prompt ES | D14: 16 | E14: 6 | F14: 10 | G14: 169 | H14: =(E14/D14)*100 -> 37.5 | I14: =(G14/$D$29)*100 -> 91.351351 | K14: Ranking
C15: No prompt | D15: 13 | E15: 4 | F15: 9 | G15: 172 | H15: =(E15/D15)*100 -> 30.769231 | I15: =(G15/$D$29)*100 -> 92.972973 | K15: No Prompt | M15: Prompt ES | O15: Prompt EN
B16: deepseek-llm | C16: Prompt EN | D16: 182 | E16: 66 | F16: 116 | G16: 3 | H16: =(E16/D16)*100 -> 36.263736 | I16: =(G16/$D$29)*100 -> 1.6216216 | K16: MODELO | L16: % aciertos | M16: MODELO | N16: % aciertos | O16: MODELO | P16: % aciertos
C17: Prompt ES | D17: 100 | E17: 44 | F17: 56 | G17: 85 | H17: =(E17/D17)*100 -> 44 | I17: =(G17/$D$29)*100 -> 45.945946 | K17: llama3 | L17: 55.135135 | M17: llama3 | N17: 62.702703 | O17: phi3:instruct | P17: 63.783784
C18: No prompt | K18: gemma | L18: 56.521739 | M18: gemma | N18: 60.540541 | O18: mistral | P18: 60.10929
B19: phi3 | C19: Prompt EN | D19: 185 | E19: 109 | F19: 76 | G19: 0 | H19: =(E19/D19)*100 -> 58.918919 | I19: =(G19/$D$29)*100 -> 0
C20: Prompt ES | D20: 112 | E20: 56 | F20: 56 | G20: 73 | H20: =(E20/D20)*100 -> 50 | I20: =(G20/$D$29)*100 -> 39.459459 | K20: mistral | L20: 41.221374 | M20: mistral | N20: 58.378378 | O20: deepseek-coder | P20: 58.918919
C21: No prompt | D21: 87 | E21: 33 | F21: 54 | G21: 98 | H21: =(E21/D21)*100 -> 37.931034 | I21: =(G21/$D$29)*100 -> 52.972973 | K21: phi3 | L21: 37.931034 | M21: phi3 | N21: 50 | O21: llama3 | P21: 57.837838
B22: phi3:instruct | C22: Prompt EN | D22: 185 | E22: 118 | F22: 67 | G22: 0 | H22: =(E22/D22)*100 -> 63.783784 | I22: =(G22/$D$29)*100 -> 0 | K22: deepseek-coder | L22: 30.769231 | M22: deepseek-llm | N22: 44 | O22: gemma | P22: 57.837838
C23: Prompt ES | D23: 103 | E23: 34 | F23: 69 | G23: 32 | H23: =(E23/D23)*100 -> 33.009709 | I23: =(G23/$D$29)*100 -> 17.297297 | M23: deepseek-coder | N23: 37.5 | O23: deepseek-llm | P23: 36.263736
C24: No prompt | M24: phi3:instruct | N24: 33.009709 | O24: phi3 | P24: 20
B27: nº TOTAL DE PREGUNTAS
B28: tipo | C28: esperado | D28: obtenido
B29: texto | C29: 185 | D29: 185
B30: imagen | C30: 0 | D30: 0
B31: TOTAL | C31: =SUM(C29:C30) -> 185 | D31: =SUM(D29:D30) -> 185

Sheet No Available
A1: Titulación | B1: Total texto | C1: No available | D1: %
A2: BIOLOGÍA | B2: 1025 | C2: 29 | D2: 0.0283
A3: ENFERMERÍA | B3: 967 | C3: 20 | D3: 0.0207
A4: FARMACIA | B4: 1025 | C4: 16 | D4: 0.0156
A5: FÍSICA | B5: 1025 | C5: 12 | D5: 0.0117
A6: MEDICINA | B6: 900 | C6: 18 | D6: 0.02
A7: PSICOLOGÍA | B7: 1025 | C7: 32 | D7: 0.0312
A8: QUÍMICA | B8: 1010 | C8: 23 | D8: 0.0228
A9: TOTAL | B9: 6977 | C9: 150 | D9: 0.0215

Sheet Global
B2: ANÁLISIS GLOBAL | M2: MEJORA % de ACIERTOS
B3: MODELO | D3: Respondidas por el modelo | E3: Aciertos | F3: Errores | G3: No disponible | H3: Sin respuesta | I3: % de aciertos | J3: % sin respuestas | M3: MODELO | N3: Prompt ES vs No Prompt | O3: Prompt upgrade ES vs Prompt general ES | P3: Prompt EN vs Prompt ES | Q3: Prompt upgrade EN vs Prompt general EN | R3: Prompt EN No Prompt
B4: llama3 | C4: Prompt EN | D4: =E4+F4 -> 6811 | E4: 3367 | F4: 3444 | G4: =$C$29-D4-H4 -> 150 | H4: 16 | I4: =(E4/D4)*100 -> 49.434738 | J4: =(H4/6827)*100 -> 0.23436356 | M4: llama3 | N4: =I5-I6 -> 2.110446 | P4: =I4-I5 -> 0.5866088 | R4: =I4-I6 -> 2.6970548
C5: Prompt ES | D5: =E5+F5 -> 6815 | E5: =MEDICINA!F5+ENFERMERÍA!F5+BIOLOGÍA!F5+FARMACIA!F5+PSICOLOGÍA!F5+FÍSICA!F5+QUÍMICA!F5 -> 3329 | F5: 3486 | G5: =$C$29-D5-H5 -> 150 | H5: =MEDICINA!H5+ENFERMERÍA!H5+BIOLOGÍA!H5+FARMACIA!H5+PSICOLOGÍA!H5+FÍSICA!H5+QUÍMICA!H5 -> 12 | I5: =(E5/D5)*100 -> 48.848129 | J5: =(H5/6827)*100 -> 0.17577267 | M5: mistral | N5: =I11-I12 -> 8.2909411 | P5: =I10-I11 -> -0.16482738 | R5: =I10-I12 -> 8.1261137
C6: No prompt | D6: =E6+F6 -> 6759 | E6: 3159 | F6: 3600 | G6: =$C$29-D6-H6 -> 150 | H6: 68 | I6: =(E6/D6)*100 -> 46.737683 | J6: =(H6/6827)*100 -> 0.99604511 | M6: gemma | N6: =I8-I9 -> 0.27946491 | P6: =I7-I8 -> 0.28922206 | R6: =I7-I9 -> 0.56868697
B7: gemma | C7: Prompt EN | D7: =E7+F7 -> 6768 | E7: 3030 | F7: 3738 | G7: =$C$29-D7-H7 -> 150 | H7: 59 | I7: =(E7/D7)*100 -> 44.769504 | J7: =(H7/6827)*100 -> 0.86421561 | M7: deepseek-coder | N7: =I14-I15 -> -2.692561 | P7: =I13-I14 -> 0.92050528 | R7: =I13-I15 -> -1.7720557
C8: Prompt ES | D8: =E8+F8 -> 6821 | E8: =MEDICINA!F11+ENFERMERÍA!F11+BIOLOGÍA!F11+FARMACIA!F11+PSICOLOGÍA!F11+FÍSICA!F11+QUÍMICA!F11 -> 3034 | F8: 3787 | G8: =$C$29-D8-H8 -> 150 | H8: =MEDICINA!H11+ENFERMERÍA!H11+BIOLOGÍA!H11+FARMACIA!H11+PSICOLOGÍA!H11+FÍSICA!H11+QUÍMICA!H11 -> 6 | I8: =(E8/D8)*100 -> 44.480281 | J8: =(H8/6827)*100 -> 0.087886334 | M8: deepseek-llm | O8: =I17-I14 -> 5.9585928 | P8: =I16-I17 -> -0.7867062 | Q8: =I16-I13 -> 4.2513813 | R8: =I16-I15 -> 2.4793256
C9: No prompt | D9: =E9+F9 -> 6613 | E9: 2923 | F9: 3690 | G9: =$C$29-D9-H9 -> 150 | H9: 214 | I9: =(E9/D9)*100 -> 44.200817 | J9: =(H9/6827)*100 -> 3.1346126 | M9: phi3 | N9: =I20-I21 -> 14.158428 | P9: =I19-I20 -> -6.8312017 | R9: =I19-I21 -> 7.3272267
B10: mistral | C10: Prompt EN | D10: =E10+F10 -> 6774 | E10: 3041 | F10: 3733 | G10: =$C$29-D10-H10 -> 150 | H10: 53 | I10: =(E10/D10)*100 -> 44.892235 | J10: =(H10/6827)*100 -> 0.77632928 | M10: phi3:instruct | O10: =I23-I20 -> -1.3562267 | P10: =I22-I23 -> -16.442 | Q10: =I22-I20 -> -17.798226 | R10: =I22-I21 -> -3.6397979
C11: Prompt ES | D11: =E11+F11 -> 6747 | E11: =MEDICINA!F8+ENFERMERÍA!F8+BIOLOGÍA!F8+FARMACIA!F8+PSICOLOGÍA!F8+FÍSICA!F8+QUÍMICA!F8 -> 3040 | F11: 3707 | G11: =$C$29-D11-H11 -> 150 | H11: =MEDICINA!H8+ENFERMERÍA!H8+BIOLOGÍA!H8+FARMACIA!H8+PSICOLOGÍA!H8+FÍSICA!H8+QUÍMICA!H8 -> 80 | I11: =(E11/D11)*100 -> 45.057062 | J11: =(H11/6827)*100 -> 1.1718178
C12: No prompt | D12: =E12+F12 -> 5195 | E12: 1910 | F12: 3285 | G12: =$C$29-D12-H12 -> 150 | H12: 1632 | I12: =(E12/D12)*100 -> 36.766121 | J12: =(H12/6827)*100 -> 23.905083
B13: deepseek-coder | C13: Prompt EN | D13: =E13+F13 -> 2361 | E13: 641 | F13: 1720 | G13: =$C$29-D13-H13 -> 150 | H13: 4466 | I13: =(E13/D13)*100 -> 27.149513 | J13: =(H13/6827)*100 -> 65.416728
C14: Prompt ES | D14: =E14+F14 -> 3275 | E14: =MEDICINA!F14+ENFERMERÍA!F14+BIOLOGÍA!F14+FARMACIA!F14+PSICOLOGÍA!F14+FÍSICA!F14+QUÍMICA!F14 -> 859 | F14: 2416 | G14: =$C$29-D14-H14 -> 150 | H14: =MEDICINA!H14+ENFERMERÍA!H14+BIOLOGÍA!H14+FARMACIA!H14+PSICOLOGÍA!H14+FÍSICA!H14+QUÍMICA!H14 -> 3552 | I14: =(E14/D14)*100 -> 26.229008 | J14: =(H14/6827)*100 -> 52.02871
C15: No prompt | D15: =E15+F15 -> 1020 | E15: 295 | F15: 725 | G15: =$C$29-D15-H15 -> 150 | H15: 5807 | I15: =(E15/D15)*100 -> 28.921569 | J15: =(H15/6827)*100 -> 85.059323 | M15: Ranking
B16: deepseek-llm | C16: Prompt EN | D16: =E16+F16 -> 6710 | E16: 2107 | F16: 4603 | G16: =$C$29-D16-H16 -> 150 | H16: 117 | I16: =(E16/D16)*100 -> 31.400894 | J16: =(H16/6827)*100 -> 1.7137835 | M16: No Prompt | O16: Prompt ES | Q16: Prompt EN
C17: Prompt ES | D17: =E17+F17 -> 6226 | E17: 2004 | F17: 4222 | G17: =$C$29-D17-H17 -> 150 | H17: 601 | I17: =(E17/D17)*100 -> 32.1876 | J17: =(H17/6827)*100 -> 8.8032811 | M17: Modelo | N17: % aciertos | O17: Modelo | P17: % aciertos | Q17: Modelo | R17: % aciertos
C18: No prompt | J18: =(H18/6827)*100 -> 0 | M18: llama3 | N18: 45.72297 | O18: llama3 | P18: 47.796123 | Q18: llama3 | R18: 48.369487
B19: phi3 | C19: Prompt EN | D19: =E19+F19 -> 2985 | E19: 1164 | F19: 1821 | G19: =$C$29-D19-H19 -> 150 | H19: 3842 | I19: =(E19/D19)*100 -> 38.994975 | J19: =(H19/6827)*100 -> 56.276549 | M19: gemma | N19: 43.220464 | O19: phi3 | P19: 44.675151 | Q19: mistral | R19: 43.9197
C20: Prompt ES | D20: =E20+F20 -> 5822 | E20: =MEDICINA!F20+ENFERMERÍA!F20+BIOLOGÍA!F20+FARMACIA!F20+PSICOLOGÍA!F20+FÍSICA!F20+QUÍMICA!F20 -> 2668 | F20: 3154 | G20: =$C$29-D20-H20 -> 150 | H20: =MEDICINA!H20+ENFERMERÍA!H20+BIOLOGÍA!H20+FARMACIA!H20+PSICOLOGÍA!H20+FÍSICA!H20+QUÍMICA!H20 -> 1005 | I20: =(E20/D20)*100 -> 45.826177 | J20: =(H20/6827)*100 -> 14.720961 | M20: mistral | N20: 35.734331 | O20: mistral | P20: 44.077135 | Q20: gemma | R20: 43.798786
C21: No prompt | D21: =E21+F21 -> 1541 | E21: 488 | F21: 1053 | G21: =$C$29-D21-H21 -> 150 | H21: 5286 | I21: =(E21/D21)*100 -> 31.667748 | J21: =(H21/6827)*100 -> 77.42786 | M21: phi3 | N21: 28.858664 | O21: gemma | P21: 43.523167 | Q21: phi3 | R21: 37.129187
B22: phi3:instruct | C22: Prompt EN | D22: =E22+F22 -> 1288 | E22: 361 | F22: 927 | G22: =$C$29-D22-H22 -> 150 | H22: 5539 | I22: =(E22/D22)*100 -> 28.02795 | J22: =(H22/6827)*100 -> 81.133734 | M22: deepseek-coder | N22: 25.213675 | O22: phi3:instruct | P22: 43.120194 | Q22: deepseek-llm | R22: 31.413994
C23: Prompt ES | D23: =E23+F23 -> 4792 | E23: 2131 | F23: 2661 | G23: =$C$29-D23-H23 -> 150 | H23: 2035 | I23: =(E23/D23)*100 -> 44.46995 | J23: =(H23/6827)*100 -> 29.808115 | O23: deepseek-llm | P23: 31.430364 | Q23: deepseek-coder | R23: 25.527678
C24: No prompt | O24: deepseek-coder | P24: 25.080292 | Q24: phi3:instruct | R24: 25.104312
B27: nº TOTAL DE PREGUNTAS
B28: tipo | C28: total | D28: NA | E28: final
B29: texto | C29: 6977 | D29: 150 | E29: =C29-D29 -> 6827
B30: imagen | C30: 182
B31: TOTAL | C31: =SUM(C29:C30) -> 7159

Sheet MEDICINA
B2: MEDICINA | M2: MEJORA % de ACIERTOS
B3: MODELO | D3: Total | E3: Respondidas por el modelo | F3: Aciertos | G3: Errores | H3: Sin respuesta | I3: No válida | J3: % de aciertos | K3: % sin respuestas | M3: MODELO | N3: Prompt ES vs No Prompt | O3: Prompt upgrade ES vs Prompt general ES | P3: Prompt EN vs Prompt ES | Q3: Prompt upgrade EN vs Prompt general EN | R3: Prompt EN No Prompt
B4: llama3 | C4: Prompt EN | D4: =E4+H4+I4 -> 900 | E4: =F4+G4 -> 882 | F4: 445 | G4: 437 | H4: 0 | I4: 18 | J4: =(F4/E4)*100 -> 50.453515 | K4: =(H4/864)*100 -> 0 | M4: llama3 | N4: =J5-J6 -> 0.68698702 | P4: =J4-J5 -> 1.2471655 | R4: =J4-J6 -> 1.9341526
C5: Prompt ES | D5: =E5+H5+I5 -> 900 | E5: =F5+G5 -> 882 | F5: 434 | G5: 448 | H5: 0 | I5: 18 | J5: =(F5/E5)*100 -> 49.206349 | K5: =(H5/864)*100 -> 0 | M5: mistral | N5: =J8-J9 -> 8.3941507 | P5: =J7-J8 -> 0.11428571 | R5: =J7-J9 -> 8.5084364
C6: No prompt | D6: =E6+H6+I6 -> 900 | E6: =F6+G6 -> 878 | F6: 426 | G6: 452 | H6: 4 | I6: 18 | J6: =(F6/E6)*100 -> 48.519362 | K6: =(H6/864)*100 -> 0.46296296 | M6: gemma | N6: =J11-J12 -> -0.82574406 | P6: =J10-J11 -> 1.0204082 | R6: =J10-J12 -> 0.1946641
B7: mistral | C7: Prompt EN | D7: =E7+H7+I7 -> 900 | E7: =F7+G7 -> 875 | F7: 390 | G7: 485 | H7: 7 | I7: 18 | J7: =(F7/E7)*100 -> 44.571429 | K7: =(H7/864)*100 -> 0.81018519 | M7: deepseek-coder | N7: =J14-J15 -> -49.563492 | P7: =J13-J14 -> -4.6245421 | R7: =J13-J15 -> -54.188034
C8: Prompt ES | D8: =E8+H8+I8 -> 900 | E8: =F8+G8 -> 875 | F8: 389 | G8: 486 | H8: 7 | I8: 18 | J8: =(F8/E8)*100 -> 44.457143 | K8: =(H8/864)*100 -> 0.81018519 | M8: deepseek-llm | O8: =J17-J14 -> 1.8242252 | P8: =J16-J17 -> 0.7834069 | Q8: =J16-J13 -> 7.2321742 | R8: =J16-J15 -> -46.95586
C9: No prompt | D9: =E9+H9+I9 -> 900 | E9: =F9+G9 -> 635 | F9: 229 | G9: 406 | H9: 247 | I9: 18 | J9: =(F9/E9)*100 -> 36.062992 | K9: =(H9/864)*100 -> 28.587963 | M9: phi3 | N9: =J20-J21 -> 1.0310505 | P9: =J19-J20 -> 9.3997009 | R9: =J19-J21 -> 10.430751
B10: gemma | C10: Prompt EN | D10: =E10+H10+I10 -> 900 | E10: =F10+G10 -> 882 | F10: 367 | G10: 515 | H10: 0 | I10: 18 | J10: =(F10/E10)*100 -> 41.609977 | K10: =(H10/864)*100 -> 0 | M10: phi3:instruct | O10: =J23-J20 -> 7.0169525 | P10: =J22-J23 -> -19.748239 | Q10: =J22-J20 -> -12.731286 | R10: =J22-J21 -> -11.700236
C11: Prompt ES | D11: =E11+H11+I11 -> 900 | E11: =F11+G11 -> 882 | F11: 358 | G11: 524 | H11: 0 | I11: 18 | J11: =(F11/E11)*100 -> 40.589569 | K11: =(H11/864)*100 -> 0
C12: No prompt | D12: =E12+H12+I12 -> 900 | E12: =F12+G12 -> 862 | F12: 357 | G12: 505 | H12: 20 | I12: 18 | J12: =(F12/E12)*100 -> 41.415313 | K12: =(H12/864)*100 -> 2.3148148
B13: deepseek-coder | C13: Prompt EN | D13: =E13+H13+I13 -> 900 | E13: =F13+G13 -> 195 | F13: 46 | G13: 149 | H13: 687 | I13: 18 | J13: =(F13/E13)*100 -> 23.589744 | K13: =(H13/864)*100 -> 79.513889
C14: Prompt ES | D14: =E14+H14+I14 -> 900 | E14: =F14+G14 -> 280 | F14: 79 | G14: 201 | H14: 602 | I14: 18 | J14: =(F14/E14)*100 -> 28.214286 | K14: =(H14/864)*100 -> 69.675926
C15: No prompt | D15: =E15+H15+I15 -> 900 | E15: =F15+G15 -> 9 | F15: 7 | G15: 2 | H15: 873 | I15: 18 | J15: =(F15/E15)*100 -> 77.777778 | K15: =(H15/864)*100 -> 101.04167 | M15: Ranking
B16: deepseek-llm | C16: Prompt EN | D16: =E16+H16+I16 -> 900 | E16: =F16+G16 -> 876 | F16: 270 | G16: 606 | H16: 6 | I16: 18 | J16: =(F16/E16)*100 -> 30.821918 | K16: =(H16/864)*100 -> 0.69444444 | M16: No Prompt | O16: Prompt ES | Q16: Prompt EN
C17: Prompt ES | D17: =E17+H17+I17 -> 900 | E17: =F17+G17 -> 779 | F17: 234 | G17: 545 | H17: 103 | I17: 18 | J17: =(F17/E17)*100 -> 30.038511 | K17: =(H17/864)*100 -> 11.921296 | M17: Modelo | N17: % aciertos | O17: Modelo | P17: % aciertos | Q17: Modelo | R17: % aciertos
C18: No prompt | M18: llama3 | N18: 47.544643 | O18: llama3 | P18: 48.222222 | Q18: llama3 | R18: 49.444444
B19: phi3 | C19: Prompt EN | D19: =E19+H19+I19 -> 900 | E19: =F19+G19 -> 558 | F19: 252 | G19: 306 | H19: 324 | I19: 18 | J19: =(F19/E19)*100 -> 45.16129 | K19: =(H19/864)*100 -> 37.5 | M19: gemma | N19: 40.568182 | O19: mistral | P19: 43.56103 | Q19: phi3 | R19: 43.75
C20: Prompt ES | D20: =E20+H20+I20 -> 900 | E20: =F20+G20 -> 302 | F20: 108 | G20: 194 | H20: 580 | I20: 18 | J20: =(F20/E20)*100 -> 35.761589 | K20: =(H20/864)*100 -> 67.12963 | M20: mistral | N20: 35.068913 | O20: phi3:instruct | P20: 41.744966 | Q20: mistral | R20: 43.673012
C21: No prompt | D21: =E21+H21+I21 -> 900 | E21: =F21+G21 -> 167 | F21: 58 | G21: 109 | H21: 715 | I21: 18 | J21: =(F21/E21)*100 -> 34.730539 | K21: =(H21/864)*100 -> 82.75463 | M21: phi3 | N21: 31.351351 | O21: gemma | P21: 39.777778 | Q21: gemma | R21: 40.777778
B22: phi3:instruct | C22: Prompt EN | D22: =E22+H22+I22 -> 900 | E22: =F22+G22 -> 165 | F22: 38 | G22: 127 | H22: 717 | I22: 18 | J22: =(F22/E22)*100 -> 23.030303 | K22: =(H22/864)*100 -> 82.986111 | M22: deepseek-coder | N22: 25.925926 | O22: phi3 | P22: 33.75 | Q22: deepseek-llm | R22: 30.201342
C23: Prompt ES | D23: =E23+H23+I23 -> 900 | E23: =F23+G23 -> 727 | F23: 311 | G23: 416 | H23: 155 | I23: 18 | J23: =(F23/E23)*100 -> 42.778542 | K23: =(H23/864)*100 -> 17.939815 | O23: deepseek-llm | P23: 29.3601 | Q23: deepseek-coder | R23: 21.596244
C24: No prompt | O24: deepseek-coder | P24: 26.510067 | Q24: phi3:instruct | R24: 20.765027
B27: nº TOTAL DE PREGUNTAS | H27: Media Global | I27: Prompt EN | J27: =(J4+J7+J10+J13+J19)/5 -> 41.077191
B28: tipo | C28: total | D28: NA | E28: final | I28: Prompt ES | J28: =(J5+J8+J11+J14+J20)/5 -> 39.645787
B29: texto | C29: 900 | D29: 18 | E29: =C29-D29 -> 882 | I29: No prompt | J29: =(J6+J9+J12+J15+J21)/5 -> 47.701197
B30: imagen | C30: 125
B31: TOTAL | C31: =SUM(C29:C30) -> 1025 | E31: =SUM(E29:E30) -> 882

Sheet ENFERMERÍA
B2: ENFERMERÍA | M2: MEJORA % de ACIERTOS
B3: MODELO | D3: Total | E3: Respondidas por el modelo | F3: Aciertos | G3: Errores | H3: Sin respuesta | I3: No valida | J3: % de aciertos | K3: % sin respuestas | M3: MODELO | N3: Prompt ES vs No Prompt | O3: Prompt upgrade ES vs Prompt general ES | P3: Prompt EN vs Prompt ES | Q3: Prompt upgrade EN vs Prompt general EN | R3: Prompt EN No Prompt
B4: llama3 | C4: Prompt EN | D4: =E4+H4+I4 -> 967 | E4: =F4+G4 -> 942 | F4: 452 | G4: 490 | H4: 5 | I4: 20 | J4: =(F4/E4)*100 -> 47.983015 | K4: =(H4/947)*100 -> 0.5279831 | M4: llama3 | N4: =J5-J6 -> 1.8801659 | P4: =J4-J5 -> -0.05931318 | R4: =J4-J6 -> 1.8208527
C5: Prompt ES | D5: =E5+H5+I5 -> 967 | E5: =F5+G5 -> 945 | F5: 454 | G5: 491 | H5: 2 | I5: 20 | J5: =(F5/E5)*100 -> 48.042328 | K5: =(H5/947)*100 -> 0.21119324 | M5: mistral | N5: =J8-J9 -> 4.7964454 | P5: =J7-J8 -> 0.95011005 | R5: =J7-J9 -> 5.7465554
C6: No prompt | D6: =E6+H6+I6 -> 967 | E6: =F6+G6 -> 925 | F6: 427 | G6: 498 | H6: 22 | I6: 20 | J6: =(F6/E6)*100 -> 46.162162 | K6: =(H6/947)*100 -> 2.3231257 | M6: gemma | N6: =J11-J12 -> -0.15729327 | P6: =J10-J11 -> 1.3500721 | R6: =J10-J12 -> 1.1927789
B7: mistral | C7: Prompt EN | D7: =E7+H7+I7 -> 967 | E7: =F7+G7 -> 940 | F7: 406 | G7: 534 | H7: 7 | I7: 20 | J7: =(F7/E7)*100 -> 43.191489 | K7: =(H7/947)*100 -> 0.73917635 | M7: deepseek-coder | N7: =J14-J15 -> -11.823853 | P7: =J13-J14 -> -1.9681155 | R7: =J13-J15 -> -13.791968
C8: Prompt ES | D8: =E8+H8+I8 -> 967 | E8: =F8+G8 -> 928 | F8: 392 | G8: 536 | H8: 19 | I8: 20 | J8: =(F8/E8)*100 -> 42.241379 | K8: =(H8/947)*100 -> 2.0063358 | M8: deepseek-llm | O8: =J17-J14 -> 4.2137286 | P8: =J16-J17 -> 1.3735652 | Q8: =J16-J13 -> 7.5554093 | R8: =J16-J15 -> -6.2365591
C9: No prompt | D9: =E9+H9+I9 -> 967 | E9: =F9+G9 -> 681 | F9: 255 | G9: 426 | H9: 266 | I9: 20 | J9: =(F9/E9)*100 -> 37.444934 | K9: =(H9/947)*100 -> 28.088701 | M9: phi3 | N9: =J20-J21 -> 5.2283814 | P9: =J19-J20 -> -1.4207909 | R9: =J19-J21 -> 3.8075905
B10: gemma | C10: Prompt EN | D10: =E10+H10+I10 -> 967 | E10: =F10+G10 -> 940 | F10: 410 | G10: 530 | H10: 7 | I10: 20 | J10: =(F10/E10)*100 -> 43.617021 | K10: =(H10/947)*100 -> 0.73917635 | M10: phi3:instruct | O10: =J23-J20 -> -3.7940379 | P10: =J22-J23 -> -9.9580713 | Q10: =J22-J20 -> -13.752109 | R10: =J22-J21 -> -8.5237278
C11: Prompt ES | D11: =E11+H11+I11 -> 967 | E11: =F11+G11 -> 944 | F11: 399 | G11: 545 | H11: 3 | I11: 20 | J11: =(F11/E11)*100 -> 42.266949 | K11: =(H11/947)*100 -> 0.31678986
C12: No prompt | D12: =E12+H12+I12 -> 967 | E12: =F12+G12 -> 891 | F12: 378 | G12: 513 | H12: 56 | I12: 20 | J12: =(F12/E12)*100 -> 42.424242 | K12: =(H12/947)*100 -> 5.9134108
B13: deepseek-coder | C13: Prompt EN | D13: =E13+H13+I13 -> 967 | E13: =F13+G13 -> 294 | F13: 78 | G13: 216 | H13: 653 | I13: 20 | J13: =(F13/E13)*100 -> 26.530612 | K13: =(H13/947)*100 -> 68.954593
C14: Prompt ES | D14: =E14+H14+I14 -> 967 | E14: =F14+G14 -> 393 | F14: 112 | G14: 281 | H14: 554 | I14: 20 | J14: =(F14/E14)*100 -> 28.498728 | K14: =(H14/947)*100 -> 58.500528
C15: No prompt | D15: =E15+H15+I15 -> 967 | E15: =F15+G15 -> 62 | F15: 25 | G15: 37 | H15: 885 | I15: 20 | J15: =(F15/E15)*100 -> 40.322581 | K15: =(H15/947)*100 -> 93.45301 | M15: Ranking
B16: deepseek-llm | C16: Prompt EN | D16: =E16+H16+I16 -> 967 | E16: =F16+G16 -> 930 | F16: 317 | G16: 613 | H16: 17 | I16: 20 | J16: =(F16/E16)*100 -> 34.086022 | K16: =(H16/947)*100 -> 1.7951426 | M16: No Prompt | O16: Prompt ES | Q16: Prompt EN
C17: Prompt ES | D17: =E17+H17+I17 -> 967 | E17: =F17+G17 -> 859 | F17: 281 | G17: 578 | H17: 88 | I17: 20 | J17: =(F17/E17)*100 -> 32.712456 | K17: =(H17/947)*100 -> 9.2925026 | M17: Modelo | N17: % aciertos | O17: Modelo | P17: % aciertos | Q17: Modelo | R17: % aciertos
C18: No prompt | M18: llama3 | N18: 45.185185 | O18: llama3 | P18: 47.046632 | Q18: llama3 | R18: 46.985447
B19: phi3 | C19: Prompt EN | D19: =E19+H19+I19 -> 967 | E19: =F19+G19 -> 412 | F19: 170 | G19: 242 | H19: 535 | I19: 20 | J19: =(F19/E19)*100 -> 41.262136 | K19: =(H19/947)*100 -> 56.494192 | M19: gemma | N19: 41.492865 | O19: phi3 | P19: 41.666667 | Q19: gemma | R19: 42.708333
C20: Prompt ES | D20: =E20+H20+I20 -> 967 | E20: =F20+G20 -> 820 | F20: 350 | G20: 470 | H20: 127 | I20: 20 | J20: =(F20/E20)*100 -> 42.682927 | K20: =(H20/947)*100 -> 13.410771 | M20: mistral | N20: 36.376605 | O20: gemma | P20: 41.390041 | Q20: mistral | R20: 42.291667
C21: No prompt | D21: =E21+H21+I21 -> 967 | E21: =F21+G21 -> 275 | F21: 103 | G21: 172 | H21: 672 | I21: 20 | J21: =(F21/E21)*100 -> 37.454545 | K21: =(H21/947)*100 -> 70.960929 | M21: phi3 | N21: 34.915254 | O21: mistral | P21: 41.350211 | Q21: phi3 | R21: 39.351852
B22: phi3:instruct | C22: Prompt EN | D22: =E22+H22+I22 -> 967 | E22: =F22+G22 -> 159 | F22: 46 | G22: 113 | H22: 788 | I22: 20 | J22: =(F22/E22)*100 -> 28.930818 | K22: =(H22/947)*100 -> 83.210137 | M22: deepseek-coder | N22: 30.487805 | O22: phi3:instruct | P22: 36.503067 | Q22: deepseek-llm | R22: 33.368421
C23: Prompt ES | D23: =E23+H23+I23 -> 967 | E23: =F23+G23 -> 306 | F23: 119 | G23: 187 | H23: 641 | I23: 20 | J23: =(F23/E23)*100 -> 38.888889 | K23: =(H23/947)*100 -> 67.687434 | O23: deepseek-llm | P23: 31.968146 | Q23: phi3:instruct | R23: 25.698324
C24: No prompt | O24: deepseek-coder | P24: 27.118644 | Q24: deepseek-coder | R24: 24.840764
B27: nº TOTAL DE PREGUNTAS | H27: Media Global | I27: Prompt EN | J27: =(J4+J7+J10+J13+J19)/5 -> 40.516855
B28: tipo | C28: total | D28: NA | E28: final | I28: Prompt ES | J28: =(J5+J8+J11+J14+J20)/5 -> 40.746462
B29: texto | C29: 967 | D29: 20 | E29: =C29-D29 -> 947 | I29: No prompt | J29: =(J6+J9+J12+J15+J21)/5 -> 40.761693
B30: imagen | C30: 57
B31: TOTAL | C31: =SUM(C29:C30) -> 1024 | E31: =SUM(E29:E30) -> 947

Sheet BIOLOGÍA
B2: BIOLOGÍA | M2: MEJORA % de ACIERTOS
B3: MODELO | D3: Total | E3: Respondidas por el modelo | F3: Aciertos | G3: Errores | H3: Sin respuesta | I3: No válida | J3: % de aciertos | K3: % sin respuestas | M3: MODELO | N3: Prompt ES vs No Prompt | O3: Prompt upgrade ES vs Prompt general ES | P3: Prompt EN vs Prompt ES | Q3: Prompt upgrade EN vs Prompt general EN | R3: Prompt EN No Prompt
B4: llama3 | C4: Prompt EN | D4: =E4+H4+I4 -> 1025 | E4: =F4+G4 -> 993 | F4: 636 | G4: 357 | H4: 3 | I4: 29 | J4: =(F4/E4)*100 -> 64.048338 | K4: =(H4/996)*100 -> 0.30120482 | M4: llama3 | N4: =J5-J6 -> 0.78466113 | P4: =J4-J5 -> 2.4555964 | R4: =J4-J6 -> 3.2402576
C5: Prompt ES | D5: =E5+H5+I5 -> 1025 | E5: =F5+G5 -> 992 | F5: 611 | G5: 381 | H5: 4 | I5: 29 | J5: =(F5/E5)*100 -> 61.592742 | K5: =(H5/996)*100 -> 0.40160643 | M5: mistral | N5: =J8-J9 -> 13.573407 | P5: =J7-J8 -> -2.5729217 | R5: =J7-J9 -> 11.000486
C6: No prompt | D6: =E6+H6+I6 -> 1025 | E6: =F6+G6 -> 990 | F6: 602 | G6: 388 | H6: 6 | I6: 29 | J6: =(F6/E6)*100 -> 60.808081 | K6: =(H6/996)*100 -> 0.60240964 | M6: gemma | N6: =J11-J12 -> -0.0024413566 | P6: =J10-J11 -> 1.0565466 | R6: =J10-J12 -> 1.0541053
B7: mistral | C7: Prompt EN | D7: =E7+H7+I7 -> 1025 | E7: =F7+G7 -> 987 | F7: 572 | G7: 415 | H7: 9 | I7: 29 | J7: =(F7/E7)*100 -> 57.953394 | K7: =(H7/996)*100 -> 0.90361446 | M7: deepseek-coder | N7: =J14-J15 -> -11.039091 | P7: =J13-J14 -> 6.5825688 | R7: =J13-J15 -> -4.4565217
C8: Prompt ES | D8: =E8+H8+I8 -> 1025 | E8: =F8+G8 -> 988 | F8: 598 | G8: 390 | H8: 8 | I8: 29 | J8: =(F8/E8)*100 -> 60.526316 | K8: =(H8/996)*100 -> 0.80321285 | M8: deepseek-llm | O8: =J17-J14 -> 13.48619 | P8: =J16-J17 -> -0.53151614 | Q8: =J16-J13 -> 6.3721047 | R8: =J16-J15 -> 1.915583
C9: No prompt | D9: =E9+H9+I9 -> 1025 | E9: =F9+G9 -> 722 | F9: 339 | G9: 383 | H9: 274 | I9: 29 | J9: =(F9/E9)*100 -> 46.952909 | K9: =(H9/996)*100 -> 27.51004 | M9: phi3 | N9: =J20-J21 -> 28.657887 | P9: =J19-J20 -> -17.973457 | R9: =J19-J21 -> 10.68443
B10: gemma | C10: Prompt EN | D10: =E10+H10+I10 -> 1025 | E10: =F10+G10 -> 989 | F10: 579 | G10: 410 | H10: 7 | I10: 29 | J10: =(F10/E10)*100 -> 58.543984 | K10: =(H10/996)*100 -> 0.70281124 | M10: phi3:instruct | O10: =J23-J20 -> -4.4009214 | P10: =J22-J23 -> -28.412986 | Q10: =J22-J20 -> -32.813908 | R10: =J22-J21 -> -4.1560211
C11: Prompt ES | D11: =E11+H11+I11 -> 1025 | E11: =F11+G11 -> 995 | F11: 572 | G11: 423 | H11: 1 | I11: 29 | J11: =(F11/E11)*100 -> 57.487437 | K11: =(H11/996)*100 -> 0.10040161
C12: No prompt | D12: =E12+H12+I12 -> 1025 | E12: =F12+G12 -> 988 | F12: 568 | G12: 420 | H12: 8 | I12: 29 | J12: =(F12/E12)*100 -> 57.489879 | K12: =(H12/996)*100 -> 0.80321285
B13: deepseek-coder | C13: Prompt EN | D13: =E13+H13+I13 -> 1025 | E13: =F13+G13 -> 280 | F13: 91 | G13: 189 | H13: 716 | I13: 29 | J13: =(F13/E13)*100 -> 32.5 | K13: =(H13/996)*100 -> 71.88755
C14: Prompt ES | D14: =E14+H14+I14 -> 1025 | E14: =F14+G14 -> 436 | F14: 113 | G14: 323 | H14: 560 | I14: 29 | J14: =(F14/E14)*100 -> 25.917431 | K14: =(H14/996)*100 -> 56.2249
C15: No prompt | D15: =E15+H15+I15 -> 1025 | E15: =F15+G15 -> 46 | F15: 17 | G15: 29 | H15: 950 | I15: 29 | J15: =(F15/E15)*100 -> 36.956522 | K15: =(H15/996)*100 -> 95.381526 | M15: Ranking
B16: deepseek-llm | C16: Prompt EN | D16: =E16+H16+I16 -> 1025 | E16: =F16+G16 -> 993 | F16: 386 | G16: 607 | H16: 3 | I16: 29 | J16: =(F16/E16)*100 -> 38.872105 | K16: =(H16/996)*100 -> 0.30120482 | M16: No Prompt | O16: Prompt ES | Q16: Prompt EN
C17: Prompt ES | D17: =E17+H17+I17 -> 1025 | E17: =F17+G17 -> 939 | F17: 370 | G17: 569 | H17: 57 | I17: 29 | J17: =(F17/E17)*100 -> 39.403621 | K17: =(H17/996)*100 -> 5.7228916 | M17: Modelo | N17: % aciertos | O17: Modelo | P17: % aciertos | Q17: Modelo | R17: % aciertos
C18: No prompt | M18: llama3 | N18: 59.077527 | O18: phi3 | P18: 60.861057 | Q18: llama3 | R18: 62.23092
B19: phi3 | C19: Prompt EN | D19: =E19+H19+I19 -> 1025 | E19: =F19+G19 -> 403 | F19: 180 | G19: 223 | H19: 593 | I19: 29 | J19: =(F19/E19)*100 -> 44.665012 | K19: =(H19/996)*100 -> 59.538153 | M19: gemma | N19: 55.850541 | O19: llama3 | P19: 59.843291 | Q19: gemma | R19: 56.876228
C20: Prompt ES | D20: =E20+H20+I20 -> 1025 | E20: =F20+G20 -> 993 | F20: 622 | G20: 371 | H20: 3 | I20: 29 | J20: =(F20/E20)*100 -> 62.638469 | K20: =(H20/996)*100 -> 0.30120482 | M20: mistral | N20: 45.139814 | O20: mistral | P20: 58.800393 | Q20: mistral | R20: 56.299213
C21: No prompt | D21: =E21+H21+I21 -> 1025 | E21: =F21+G21 -> 206 | F21: 70 | G21: 136 | H21: 790 | I21: 29 | J21: =(F21/E21)*100 -> 33.980583 | K21: =(H21/996)*100 -> 79.317269 | M21: phi3 | N21: 29.787234 | O21: phi3:instruct | P21: 56.157635 | Q21: phi3 | R21: 42.654028
B22: phi3:instruct | C22: Prompt EN | D22: =E22+H22+I22 -> 1025 | E22: =F22+G22 -> 228 | F22: 68 | G22: 160 | H22: 768 | I22: 29 | J22: =(F22/E22)*100 -> 29.824561 | K22: =(H22/996)*100 -> 77.108434 | M22: deepseek-coder | N22: 22.666667 | O22: gemma | P22: 55.859375 | Q22: deepseek-llm | R22: 37.76908
C23: Prompt ES | D23: =E23+H23+I23 -> 1025 | E23: =F23+G23 -> 783 | F23: 456 | G23: 327 | H23: 213 | I23: 29 | J23: =(F23/E23)*100 -> 58.237548 | K23: =(H23/996)*100 -> 21.385542 | O23: deepseek-llm | P23: 38.22314 | Q23: deepseek-coder | R23: 29.449838
C24: No prompt | O24: deepseek-coder | P24: 24.301075 | Q24: phi3:instruct | R24: 26.459144
B27: nº TOTAL DE PREGUNTAS | H27: Media Global | I27: Prompt EN | J27: =(J4+J7+J10+J13+J19)/5 -> 51.542146
B28: tipo | C28: total | D28: NA | E28: final | I28: Prompt ES | J28: =(J5+J8+J11+J14+J20)/5 -> 53.632479
B29: texto | C29: 1025 | D29: 29 | E29: =C29-D29 -> 996 | I29: No prompt | J29: =(J6+J9+J12+J15+J21)/5 -> 47.237594
B30: imagen | C30: 0
B31: TOTAL | C31: =SUM(C29:C30) -> 1025 | E31: =SUM(E29:E30) -> 996

Sheet FARMACIA
B2: FARMACIA | M2: MEJORA % de ACIERTOS
B3: MODELO | D3: Total | E3: Respondidas por el modelo | F3: Aciertos | G3: Errores | H3: Sin respuesta | I3: No válida | J3: % de aciertos | K3: % sin respuestas | M3: MODELO | N3: Prompt ES vs No Prompt | O3: Prompt upgrade ES vs Prompt general ES | P3: Prompt EN vs Prompt ES | Q3: Prompt upgrade EN vs Prompt general EN | R3: Prompt EN No Prompt
B4: llama3 | C4: Prompt EN | D4: =E4+H4+I4 -> 1025 | E4: =F4+G4 -> 1009 | F4: 516 | G4: 493 | H4: 0 | I4: 16 | J4: =(F4/E4)*100 -> 51.139742 | K4: =(H4/1009)*100 -> 0 | M4: llama3 | N4: =J5-J6 -> 1.8263627 | P4: =J4-J5 -> -1.4866204 | R4: =J4-J6 -> 0.33974232
C5: Prompt ES | D5: =E5+H5+I5 -> 1025 | E5: =F5+G5 -> 1009 | F5: 531 | G5: 478 | H5: 0 | I5: 16 | J5: =(F5/E5)*100 -> 52.626363 | K5: =(H5/1009)*100 -> 0 | M5: mistral | N5: =J8-J9 -> 6.8968175 | P5: =J7-J8 -> -0.11784764 | R5: =J7-J9 -> 6.7789699
C6: No prompt | D6: =E6+H6+I6 -> 1025 | E6: =F6+G6 -> 1000 | F6: 508 | G6: 492 | H6: 9 | I6: 16 | J6: =(F6/E6)*100 -> 50.8 | K6: =(H6/1009)*100 -> 0.89197225 | M6: gemma | N6: =J11-J12 -> 0.60963426 | P6: =J10-J11 -> -0.72504304 | R6: =J10-J12 -> -0.11540878
B7: mistral | C7: Prompt EN | D7: =E7+H7+I7 -> 1025 | E7: =F7+G7 -> 1005 | F7: 456 | G7: 549 | H7: 4 | I7: 16 | J7: =(F7/E7)*100 -> 45.373134 | K7: =(H7/1009)*100 -> 0.39643211 | M7: deepseek-coder | N7: =J14-J15 -> -9.5000105 | P7: =J13-J14 -> 0.74580179 | R7: =J13-J15 -> -8.7542088
C8: Prompt ES | D8: =E8+H8+I8 -> 1025 | E8: =F8+G8 -> 998 | F8: 454 | G8: 544 | H8: 11 | I8: 16 | J8: =(F8/E8)*100 -> 45.490982 | K8: =(H8/1009)*100 -> 1.0901883 | M8: deepseek-llm | O8: =J17-J14 -> 8.4183788 | P8: =J16-J17 -> -2.2927716 | Q8: =J16-J13 -> 5.3798054 | R8: =J16-J15 -> -3.3744034
C9: No prompt | D9: =E9+H9+I9 -> 1025 | E9: =F9+G9 -> 754 | F9: 291 | G9: 463 | H9: 255 | I9: 16 | J9: =(F9/E9)*100 -> 38.594164 | K9: =(H9/1009)*100 -> 25.272547 | M9: phi3 | N9: =J20-J21 -> 13.164101 | P9: =J19-J20 -> -7.9797326 | R9: =J19-J21 -> 5.1843688
B10: gemma | C10: Prompt EN | D10: =E10+H10+I10 -> 1025 | E10: =F10+G10 -> 1001 | F10: 461 | G10: 540 | H10: 8 | I10: 16 | J10: =(F10/E10)*100 -> 46.053946 | K10: =(H10/1009)*100 -> 0.79286422 | M10: phi3:instruct | O10: =J23-J20 -> -0.3560756 | P10: =J22-J23 -> -22.266882 | Q10: =J22-J20 -> -22.622957 | R10: =J22-J21 -> -9.458856
C11: Prompt ES | D11: =E11+H11+I11 -> 1025 | E11: =F11+G11 -> 1009 | F11: 472 | G11: 537 | H11: 0 | I11: 16 | J11: =(F11/E11)*100 -> 46.778989 | K11: =(H11/1009)*100 -> 0
C12: No prompt | D12: =E12+H12+I12 -> 1025 | E12: =F12+G12 -> 992 | F12: 458 | G12: 534 | H12: 17 | I12: 16 | J12: =(F12/E12)*100 -> 46.169355 | K12: =(H12/1009)*100 -> 1.6848365
B13: deepseek-coder | C13: Prompt EN | D13: =E13+H13+I13 -> 1025 | E13: =F13+G13 -> 297 | F13: 76 | G13: 221 | H13: 712 | I13: 16 | J13: =(F13/E13)*100 -> 25.589226 | K13: =(H13/1009)*100 -> 70.564916
C14: Prompt ES | D14: =E14+H14+I14 -> 1025 | E14: =F14+G14 -> 479 | F14: 119 | G14: 360 | H14: 530 | I14: 16 | J14: =(F14/E14)*100 -> 24.843424 | K14: =(H14/1009)*100 -> 52.527255
C15: No prompt | D15: =E15+H15+I15 -> 1025 | E15: =F15+G15 -> 99 | F15: 34 | G15: 65 | H15: 910 | I15: 16 | J15: =(F15/E15)*100 -> 34.343434 | K15: =(H15/1009)*100 -> 90.188305 | M15: Ranking
B16: deepseek-llm | C16: Prompt EN | D16: =E16+H16+I16 -> 1025 | E16: =F16+G16 -> 1001 | F16: 310 | G16: 691 | H16: 8 | I16: 16 | J16: =(F16/E16)*100 -> 30.969031 | K16: =(H16/1009)*100 -> 0.79286422 | M16: No Prompt | O16: Prompt ES | Q16: Prompt EN
C17: Prompt ES | D17: =E17+H17+I17 -> 1025 | E17: =F17+G17 -> 932 | F17: 310 | G17: 622 | H17: 77 | I17: 16 | J17: =(F17/E17)*100 -> 33.261803 | K17: =(H17/1009)*100 -> 7.6313181 | M17: Modelo | N17: % aciertos | O17: Modelo | P17: % aciertos | Q17: Modelo | R17: % aciertos
C18: No prompt | M18: llama3 | N18: 50 | O18: llama3 | P18: 51.804878 | Q18: llama3 | R18: 50.341463
B19: phi3 | C19: Prompt EN | D19: =E19+H19+I19 -> 1025 | E19: =F19+G19 -> 366 | F19: 142 | G19: 224 | H19: 643 | I19: 16 | J19: =(F19/E19)*100 -> 38.797814 | K19: =(H19/1009)*100 -> 63.726462 | M19: gemma | N19: 45.436508 | O19: gemma | P19: 46.04878 | Q19: gemma | R19: 45.3294
C20: Prompt ES | D20: =E20+H20+I20 -> 1025 | E20: =F20+G20 -> 962 | F20: 450 | G20: 512 | H20: 47 | I20: 16 | J20: =(F20/E20)*100 -> 46.777547 | K20: =(H20/1009)*100 -> 4.6580773 | M20: mistral | N20: 37.792208 | O20: phi3 | P20: 46.01227 | Q20: mistral | R20: 44.662096
C21: No prompt | D21: =E21+H21+I21 -> 1025 | E21: =F21+G21 -> 238 | F21: 80 | G21: 158 | H21: 771 | I21: 16 | J21: =(F21/E21)*100 -> 33.613445 | K21: =(H21/1009)*100 -> 76.412289 | M21: phi3 | N21: 31.496063 | O21: phi3:instruct | P21: 45.694716 | Q21: phi3 | R21: 37.172775
B22: phi3:instruct | C22: Prompt EN | D22: =E22+H22+I22 -> 1025 | E22: =F22+G22 -> 207 | F22: 50 | G22: 157 | H22: 802 | I22: 16 | J22: =(F22/E22)*100 -> 24.154589 | K22: =(H22/1009)*100 -> 79.484638 | M22: deepseek-coder | N22: 29.565217 | O22: mistral | P22: 44.773176 | Q22: deepseek-llm | R22: 30.481809
C23: Prompt ES | D23: =E23+H23+I23 -> 1025 | E23: =F23+G23 -> 1006 | F23: 467 | G23: 539 | H23: 3 | I23: 16 | J23: =(F23/E23)*100 -> 46.421471 | K23: =(H23/1009)*100 -> 0.29732408 | O23: deepseek-llm | P23: 32.700422 | Q23: deepseek-coder | R23: 24.28115
C24: No prompt | O24: deepseek-coder | P24: 24.040404 | Q24: phi3:instruct | R24: 22.421525
B27: nº TOTAL DE PREGUNTAS | H27: Media Global | I27: Prompt EN | J27: =(J4+J7+J10+J13+J19)/5 -> 41.390772
B28: tipo | C28: total | D28: NA | E28: final | I28: Prompt ES | J28: =(J5+J8+J11+J14+J20)/5 -> 43.303461
B29: texto | C29: 1025 | D29: 16 | E29: =C29-D29 -> 1009 | I29: No prompt | J29: =(J6+J9+J12+J15+J21)/5 -> 40.70408
B30: imagen | C30: 0
B31: TOTAL | C31: =SUM(C29:C30) -> 1025 | E31: =SUM(E29:E30) -> 1009

Sheet PSICOLOGÍA
B2: PSICOLOGÍA | M2: MEJORA % de ACIERTOS
B3: MODELO | D3: Total | E3: Respondidas por el modelo | F3: Aciertos | G3: Errores | H3: Sin respuesta | I3: No válida | J3: % de aciertos | K3: % sin respuestas | M3: MODELO | N3: Prompt ES vs No Prompt | O3: Prompt upgrade ES vs Prompt general ES | P3: Prompt EN vs Prompt ES | Q3: Prompt upgrade EN vs Prompt general EN | R3: Prompt EN No Prompt
B4: llama3 | C4: Prompt EN | D4: =E4+H4+I4 -> 1025 | E4: =F4+G4 -> 993 | F4: 490 | G4: 503 | H4: 0 | I4: 32 | J4: =(F4/E4)*100 -> 49.345418 | K4: =(H4/993)*100 -> 0 | M4: llama3 | N4: =J5-J6 -> 4.4434511 | P4: =J4-J5 -> -0.3021148 | R4: =J4-J6 -> 4.1413363
C5: Prompt ES | D5: =E5+H5+I5 -> 1025 | E5: =F5+G5 -> 993 | F5: 493 | G5: 500 | H5: 0 | I5: 32 | J5: =(F5/E5)*100 -> 49.647533 | K5: =(H5/993)*100 -> 0 | M5: mistral | N5: =J8-J9 -> 12.494412 | P5: =J7-J8 -> -1.236382 | R5: =J7-J9 -> 11.25803
C6: No prompt | D6: =E6+H6+I6 -> 1025 | E6: =F6+G6 -> 980 | F6: 443 | G6: 537 | H6: 13 | I6: 32 | J6: =(F6/E6)*100 -> 45.204082 | K6: =(H6/993)*100 -> 1.3091641 | M6: gemma | N6: =J11-J12 -> -0.036150489 | P6: =J10-J11 -> 0.40281974 | R6: =J10-J12 -> 0.36666925
B7: mistral | C7: Prompt EN | D7: =E7+H7+I7 -> 1025 | E7: =F7+G7 -> 991 | F7: 456 | G7: 535 | H7: 2 | I7: 32 | J7: =(F7/E7)*100 -> 46.014127 | K7: =(H7/993)*100 -> 0.20140987 | M7: deepseek-coder | N7: =J14-J15 -> -3.3477463 | P7: =J13-J14 -> -0.96590398 | R7: =J13-J15 -> -4.3136503
C8: Prompt ES | D8: =E8+H8+I8 -> 1025 | E8: =F8+G8 -> 982 | F8: 464 | G8: 518 | H8: 11 | I8: 32 | J8: =(F8/E8)*100 -> 47.250509 | K8: =(H8/993)*100 -> 1.1077543 | M8: deepseek-llm | O8: =J17-J14 -> 1.5016026 | P8: =J16-J17 -> -1.3613436 | Q8: =J16-J13 -> 1.106163 | R8: =J16-J15 -> -3.2074873
C9: No prompt | D9: =E9+H9+I9 -> 1025 | E9: =F9+G9 -> 656 | F9: 228 | G9: 428 | H9: 337 | I9: 32 | J9: =(F9/E9)*100 -> 34.756098 | K9: =(H9/993)*100 -> 33.937563 | M9: phi3 | N9: =J20-J21 -> 15.447106 | P9: =J19-J20 -> -11.321039 | R9: =J19-J21 -> 4.1260676
B10: gemma | C10: Prompt EN | D10: =E10+H10+I10 -> 1025 | E10: =F10+G10 -> 993 | F10: 428 | G10: 565 | H10: 0 | I10: 32 | J10: =(F10/E10)*100 -> 43.101712 | K10: =(H10/993)*100 -> 0 | M10: phi3:instruct | O10: =J23-J20 -> -1.8578639 | P10: =J22-J23 -> -6.9544954 | Q10: =J22-J20 -> -8.8123593 | R10: =J22-J21 -> 6.6347469
C11: Prompt ES | D11: =E11+H11+I11 -> 1025 | E11: =F11+G11 -> 993 | F11: 424 | G11: 569 | H11: 0 | I11: 32 | J11: =(F11/E11)*100 -> 42.698892 | K11: =(H11/993)*100 -> 0
C12: No prompt | D12: =E12+H12+I12 -> 1025 | E12: =F12+G12 -> 936 | F12: 400 | G12: 536 | H12: 57 | I12: 32 | J12: =(F12/E12)*100 -> 42.735043 | K12: =(H12/993)*100 -> 5.7401813
B13: deepseek-coder | C13: Prompt EN | D13: =E13+H13+I13 -> 1025 | E13: =F13+G13 -> 326 | F13: 98 | G13: 228 | H13: 667 | I13: 32 | J13: =(F13/E13)*100 -> 30.06135 | K13: =(H13/993)*100 -> 67.170191
C14: Prompt ES | D14: =E14+H14+I14 -> 1025 | E14: =F14+G14 -> 477 | F14: 148 | G14: 329 | H14: 516 | I14: 32 | J14: =(F14/E14)*100 -> 31.027254 | K14: =(H14/993)*100 -> 51.963746
C15: No prompt | D15: =E15+H15+I15 -> 1025 | E15: =F15+G15 -> 96 | F15: 33 | G15: 63 | H15: 897 | I15: 32 | J15: =(F15/E15)*100 -> 34.375 | K15: =(H15/993)*100 -> 90.332326 | M15: Ranking
B16: deepseek-llm | C16: Prompt EN | D16: =E16+H16+I16 -> 1025 | E16: =F16+G16 -> 985 | F16: 307 | G16: 678 | H16: 8 | I16: 32 | J16: =(F16/E16)*100 -> 31.167513 | K16: =(H16/993)*100 -> 0.80563948 | M16: No Prompt | O16: Prompt ES | Q16: Prompt EN
C17: Prompt ES | D17: =E17+H17+I17 -> 1025 | E17: =F17+G17 -> 953 | F17: 310 | G17: 643 | H17: 40 | I17: 32 | J17: =(F17/E17)*100 -> 32.528856 | K17: =(H17/993)*100 -> 4.0281974 | M17: Modelo | N17: % aciertos | O17: Modelo | P17: % aciertos | Q17: Modelo | R17: % aciertos
C18: No prompt | M18: llama3 | N18: 43.774704 | O18: llama3 | P18: 48.097561 | Q18: llama3 | R18: 47.804878
B19: phi3 | C19: Prompt EN | D19: =E19+H19+I19 -> 1025 | E19: =F19+G19 -> 489 | F19: 164 | G19: 325 | H19: 504 | I19: 32 | J19: =(F19/E19)*100 -> 33.537832 | K19: =(H19/993)*100 -> 50.755287 | M19: gemma | N19: 41.322314 | O19: mistral | P19: 45.759369 | Q19: mistral | R19: 44.57478
C20: Prompt ES | D20: =E20+H20+I20 -> 1025 | E20: =F20+G20 -> 992 | F20: 445 | G20: 547 | H20: 1 | I20: 32 | J20: =(F20/E20)*100 -> 44.858871 | K20: =(H20/993)*100 -> 0.10070493 | M20: mistral | N20: 33.139535 | O20: phi3 | P20: 43.457031 | Q20: gemma | R20: 41.756098
C21: No prompt | D21: =E21+H21+I21 -> 1025 | E21: =F21+G21 -> 187 | F21: 55 | G21: 132 | H21: 806 | I21: 32 | J21: =(F21/E21)*100 -> 29.411765 | K21: =(H21/993)*100 -> 81.168177 | M21: deepseek-coder | N21: 25.78125 | O21: phi3:instruct | P21: 41.658537 | Q21: phi3 | R21: 31.477927
B22: phi3:instruct | C22: Prompt EN | D22: =E22+H22+I22 -> 1025 | E22: =F22+G22 -> 172 | F22: 62 | G22: 110 | H22: 821 | I22: 32 | J22: =(F22/E22)*100 -> 36.046512 | K22: =(H22/993)*100 -> 82.678751 | M22: phi3 | N22: 25.114155 | O22: gemma | P22: 41.365854 | Q22: phi3:instruct | R22: 30.392157
C23: Prompt ES | D23: =E23+H23+I23 -> 1025 | E23: =F23+G23 -> 993 | F23: 427 | G23: 566 | H23: 0 | I23: 32 | J23: =(F23/E23)*100 -> 43.001007 | K23: =(H23/993)*100 -> 0 | O23: deepseek-llm | P23: 31.472081 | Q23: deepseek-llm | R23: 30.186824
C24: No prompt | O24: deepseek-coder | P24: 29.076621 | Q24: deepseek-coder | R24: 27.374302
B27: nº TOTAL DE PREGUNTAS | H27: Media Global | I27: Prompt EN | J27: =(J4+J7+J10+J13+J19)/5 -> 40.412088
B28: tipo | C28: total | D28: NA | E28: final | I28: Prompt ES | J28: =(J5+J8+J11+J14+J20)/5 -> 43.096612
B29: texto | C29: 1025 | D29: 32 | E29: =C29-D29 -> 993 | I29: No prompt | J29: =(J6+J9+J12+J15+J21)/5 -> 37.296397
B30: imagen | C30: 0
B31: TOTAL | C31: =SUM(C29:C30) -> 1025 | E31: =SUM(E29:E30) -> 993

Sheet FÍSICA
B2: FÍSICA | M2: MEJORA % de ACIERTOS
B3: MODELO | D3: Total | E3: Respondidas por el modelo | F3: Aciertos | G3: Errores | H3: Sin respuesta | I3: No válida | J3: % de aciertos | K3: % sin respuestas | M3: MODELO | N3: Prompt ES vs No Prompt | O3: Prompt upgrade ES vs Prompt general ES | P3: Prompt EN vs Prompt ES | Q3: Prompt upgrade EN vs Prompt general EN | R3: Prompt EN No Prompt
B4: llama3 | C4: Prompt EN | D4: =E4+H4+I4 -> 1025 | E4: =F4+G4 -> 1007 | F4: 363 | G4: 644 | H4: 6 | I4: 12 | J4: =(F4/E4)*100 -> 36.047666 | K4: =(H4/1013)*100 -> 0.5923001 | M4: llama3 | N4: =J5-J6 -> 2.1146327 | P4: =J4-J5 -> 0.76520846 | R4: =J4-J6 -> 2.8798411
C5: Prompt ES | D5: =E5+H5+I5 -> 1025 | E5: =F5+G5 -> 1009 | F5: 356 | G5: 653 | H5: 4 | I5: 12 | J5: =(F5/E5)*100 -> 35.282458 | K5: =(H5/1013)*100 -> 0.39486673 | M5: mistral | N5: =J8-J9 -> 2.3493091 | P5: =J7-J8 -> 0.86991707 | R5: =J7-J9 -> 3.2192262
C6: No prompt | D6: =E6+H6+I6 -> 1025 | E6: =F6+G6 -> 1007 | F6: 334 | G6: 673 | H6: 6 | I6: 12 | J6: =(F6/E6)*100 -> 33.167825 | K6: =(H6/1013)*100 -> 0.5923001 | M6: gemma | N6: =J11-J12 -> 2.461943 | P6: =J10-J11 -> -0.60340313 | R6: =J10-J12 -> 1.8585399
B7: mistral | C7: Prompt EN | D7: =E7+H7+I7 -> 1025 | E7: =F7+G7 -> 993 | F7: 334 | G7: 659 | H7: 20 | I7: 12 | J7: =(F7/E7)*100 -> 33.635448 | K7: =(H7/1013)*100 -> 1.9743337 | M7: deepseek-coder | N7: =J14-J15 -> -1.4528501 | P7: =J13-J14 -> 3.2309985 | R7: =J13-J15 -> 1.7781485
C8: Prompt ES | D8: =E8+H8+I8 -> 1025 | E8: =F8+G8 -> 998 | F8: 327 | G8: 671 | H8: 15 | I8: 12 | J8: =(F8/E8)*100 -> 32.765531 | K8: =(H8/1013)*100 -> 1.4807502 | M8: deepseek-llm | O8: =J17-J14 -> 4.1051994 | P8: =J16-J17 -> -0.6132069 | Q8: =J16-J13 -> 0.26099399 | R8: =J16-J15 -> 2.0391424
C9: No prompt | D9: =E9+H9+I9 -> 1025 | E9: =F9+G9 -> 937 | F9: 285 | G9: 652 | H9: 76 | I9: 12 | J9: =(F9/E9)*100 -> 30.416222 | K9: =(H9/1013)*100 -> 7.5024679 | M9: phi3 | N9: =J20-J21 -> 4.0034003 | P9: =J19-J20 -> -4.7543525 | R9: =J19-J21 -> -0.75095222
B10: gemma | C10: Prompt EN | D10: =E10+H10+I10 -> 1025 | E10: =F10+G10 -> 986 | F10: 351 | G10: 635 | H10: 27 | I10: 12 | J10: =(F10/E10)*100 -> 35.598377 | K10: =(H10/1013)*100 -> 2.6653504 | M10: phi3:instruct | O10: =J23-J20 -> 0.47788745 | P10: =J22-J23 -> -5.3057007 | Q10: =J22-J20 -> -4.8278132 | R10: =J22-J21 -> -0.82441298
C11: Prompt ES | D11: =E11+H11+I11 -> 1025 | E11: =F11+G11 -> 1011 | F11: 366 | G11: 645 | H11: 2 | I11: 12 | J11: =(F11/E11)*100 -> 36.20178 | K11: =(H11/1013)*100 -> 0.19743337
C12: No prompt | D12: =E12+H12+I12 -> 1025 | E12: =F12+G12 -> 984 | F12: 332 | G12: 652 | H12: 29 | I12: 12 | J12: =(F12/E12)*100 -> 33.739837 | K12: =(H12/1013)*100 -> 2.8627838
B13: deepseek-coder | C13: Prompt EN | D13: =E13+H13+I13 -> 1025 | E13: =F13+G13 -> 550 | F13: 144 | G13: 406 | H13: 463 | I13: 12 | J13: =(F13/E13)*100 -> 26.181818 | K13: =(H13/1013)*100 -> 45.705824
C14: Prompt ES | D14: =E14+H14+I14 -> 1025 | E14: =F14+G14 -> 671 | F14: 154 | G14: 517 | H14: 342 | I14: 12 | J14: =(F14/E14)*100 -> 22.95082 | K14: =(H14/1013)*100 -> 33.761106
C15: No prompt | D15: =E15+H15+I15 -> 1025 | E15: =F15+G15 -> 545 | F15: 133 | G15: 412 | H15: 468 | I15: 12 | J15: =(F15/E15)*100 -> 24.40367 | K15: =(H15/1013)*100 -> 46.199408 | M15: Ranking
B16: deepseek-llm | C16: Prompt EN | D16: =E16+H16+I16 -> 1025 | E16: =F16+G16 -> 953 | F16: 252 | G16: 701 | H16: 60 | I16: 12 | J16: =(F16/E16)*100 -> 26.442812 | K16: =(H16/1013)*100 -> 5.923001 | M16: No Prompt | O16: Prompt ES | Q16: Prompt EN
C17: Prompt ES | D17: =E17+H17+I17 -> 1025 | E17: =F17+G17 -> 839 | F17: 227 | G17: 612 | H17: 174 | I17: 12 | J17: =(F17/E17)*100 -> 27.056019 | K17: =(H17/1013)*100 -> 17.176703 | M17: Modelo | N17: % aciertos | O17: Modelo | P17: % aciertos | Q17: Modelo | R17: % aciertos
C18: No prompt | M18: gemma | N18: 33.333333 | O18: gemma | P18: 35.777126 | Q18: llama3 | R18: 35.62316
B19: phi3 | C19: Prompt EN | D19: =E19+H19+I19 -> 1025 | E19: =F19+G19 -> 361 | F19: 96 | G19: 265 | H19: 652 | I19: 12 | J19: =(F19/E19)*100 -> 26.592798 | K19: =(H19/1013)*100 -> 64.363277 | M19: llama3 | N19: 32.777233 | O19: llama3 | P19: 34.867777 | Q19: gemma | R19: 35.170341
C20: Prompt ES | D20: =E20+H20+I20 -> 1025 | E20: =F20+G20 -> 772 | F20: 242 | G20: 530 | H20: 241 | I20: 12 | J20: =(F20/E20)*100 -> 31.34715 | K20: =(H20/1013)*100 -> 23.790721 | M20: mistral | N20: 30.031612 | O20: mistral | P20: 32.376238 | Q20: mistral | R20: 33.233831
C21: No prompt | D21: =E21+H21+I21 -> 1025 | E21: =F21+G21 -> 256 | F21: 70 | G21: 186 | H21: 757 | I21: 12 | J21: =(F21/E21)*100 -> 27.34375 | K21: =(H21/1013)*100 -> 74.728529 | M21: phi3 | N21: 26.119403 | O21: phi3:instruct | P21: 31.259259 | Q21: deepseek-llm | R21: 26.11399
B22: phi3:instruct | C22: Prompt EN | D22: =E22+H22+I22 -> 1025 | E22: =F22+G22 -> 181 | F22: 48 | G22: 133 | H22: 832 | I22: 12 | J22: =(F22/E22)*100 -> 26.519337 | K22: =(H22/1013)*100 -> 82.13228 | M22: deepseek-coder | N22: 23.877917 | O22: phi3 | P22: 30.867347 | Q22: phi3 | R22: 25.737265
C23: Prompt ES | D23: =E23+H23+I23 -> 1025 | E23: =F23+G23 -> 663 | F23: 211 | G23: 452 | H23: 350 | I23: 12 | J23: =(F23/E23)*100 -> 31.825038 | K23: =(H23/1013)*100 -> 34.550839 | O23: deepseek-llm | P23: 26.674501 | Q23: deepseek-coder | R23: 25.622776
C24: No prompt | O24: deepseek-coder | P24: 22.547584 | Q24: phi3:instruct | R24: 24.870466
B27: nº TOTAL DE PREGUNTAS | H27: Media Global | I27: Prompt EN | J27: =(J4+J7+J10+J13+J19)/5 -> 31.611222
B28: tipo | C28: total | D28: NA | E28: final | I28: Prompt ES | J28: =(J5+J8+J11+J14+J20)/5 -> 31.709548
B29: texto | C29: 1025 | D29: 12 | E29: =C29-D29 -> 1013 | I29: No prompt | J29: =(J6+J9+J12+J15+J21)/5 -> 29.814261
B30: imagen | C30: 0
B31: TOTAL | C31: =SUM(C29:C30) -> 1025 | E31: =SUM(E29:E30) -> 1013

Sheet QUÍMICA
B2: QUÍMICA | M2: MEJORA % de ACIERTOS
B3: MODELO | D3: Total | E3: Respondidas por el modelo | F3: Aciertos | G3: Errores | H3: Sin respuesta | I3: No válida | J3: % de aciertos | K3: % sin respuestas | M3: MODELO | N3: Prompt ES vs No Prompt | O3: Prompt upgrade ES vs Prompt general ES | P3: Prompt EN vs Prompt ES | Q3: Prompt upgrade EN vs Prompt general EN | R3: Prompt EN No Prompt
B4: llama3 | C4: Prompt EN | D4: =E4+H4+I4 -> 1010 | E4: =F4+G4 -> 985 | F4: 465 | G4: 520 | H4: 2 | I4: 23 | J4: =(F4/E4)*100 -> 47.208122 | K4: =(H4/987)*100 -> 0.20263425 | M4: llama3 | N4: =J5-J6 -> 2.8865049 | P4: =J4-J5 -> 1.5228426 | R4: =J4-J6 -> 4.4093476
C5: Prompt ES | D5: =E5+H5+I5 -> 1010 | E5: =F5+G5 -> 985 | F5: 450 | G5: 535 | H5: 2 | I5: 23 | J5: =(F5/E5)*100 -> 45.685279 | K5: =(H5/987)*100 -> 0.20263425 | M5: mistral | N5: =J8-J9 -> 7.5975157 | P5: =J7-J8 -> 0.90266639 | R5: =J7-J9 -> 8.5001821
C6: No prompt | D6: =E6+H6+I6 -> 1010 | E6: =F6+G6 -> 979 | F6: 419 | G6: 560 | H6: 8 | I6: 23 | J6: =(F6/E6)*100 -> 42.798774 | K6: =(H6/987)*100 -> 0.81053698 | M6: gemma | N6: =J11-J12 -> 0.091818642 | P6: =J10-J11 -> -0.46178623 | R6: =J10-J12 -> -0.36996759
B7: mistral | C7: Prompt EN | D7: =E7+H7+I7 -> 1010 | E7: =F7+G7 -> 983 | F7: 427 | G7: 556 | H7: 4 | I7: 23 | J7: =(F7/E7)*100 -> 43.438454 | K7: =(H7/987)*100 -> 0.40526849 | M7: deepseek-coder | N7: =J14-J15 -> -3.3600055 | P7: =J13-J14 -> 0.91480289 | R7: =J13-J15 -> -2.4452026
C8: Prompt ES | D8: =E8+H8+I8 -> 1010 | E8: =F8+G8 -> 978 | F8: 416 | G8: 562 | H8: 9 | I8: 23 | J8: =(F8/E8)*100 -> 42.535787 | K8: =(H8/987)*100 -> 0.9118541 | M8: deepseek-llm | O8: =J17-J14 -> 4.544552 | P8: =J16-J17 -> -2.1420309 | Q8: =J16-J13 -> 1.4877182 | R8: =J16-J15 -> -0.95748441
C9: No prompt | D9: =E9+H9+I9 -> 1010 | E9: =F9+G9 -> 810 | F9: 283 | G9: 527 | H9: 177 | I9: 23 | J9: =(F9/E9)*100 -> 34.938272 | K9: =(H9/987)*100 -> 17.933131 | M9: phi3 | N9: =J20-J21 -> 21.445195 | P9: =J19-J20 -> -5.569456 | R9: =J19-J21 -> 15.875739
B10: gemma | C10: Prompt EN | D10: =E10+H10+I10 -> 1010 | E10: =F10+G10 -> 977 | F10: 434 | G10: 543 | H10: 10 | I10: 23 | J10: =(F10/E10)*100 -> 44.421699 | K10: =(H10/987)*100 -> 1.0131712 | M10: phi3:instruct | O10: =J23-J20 -> -1.3875092 | P10: =J22-J23 -> -16.745078 | Q10: =J22-J20 -> -18.132587 | R10: =J22-J21 -> 3.3126072
C11: Prompt ES | D11: =E11+H11+I11 -> 1010 | E11: =F11+G11 -> 987 | F11: 443 | G11: 544 | H11: 0 | I11: 23 | J11: =(F11/E11)*100 -> 44.883485 | K11: =(H11/987)*100 -> 0
C12: No prompt | D12: =E12+H12+I12 -> 1010 | E12: =F12+G12 -> 960 | F12: 430 | G12: 530 | H12: 27 | I12: 23 | J12: =(F12/E12)*100 -> 44.791667 | K12: =(H12/987)*100 -> 2.7355623
B13: deepseek-coder | C13: Prompt EN | D13: =E13+H13+I13 -> 1010 | E13: =F13+G13 -> 419 | F13: 108 | G13: 311 | H13: 568 | I13: 23 | J13: =(F13/E13)*100 -> 25.775656 | K13: =(H13/987)*100 -> 57.548126
C14: Prompt ES | D14: =E14+H14+I14 -> 1010 | E14: =F14+G14 -> 539 | F14: 134 | G14: 405 | H14: 448 | I14: 23 | J14: =(F14/E14)*100 -> 24.860853 | K14: =(H14/987)*100 -> 45.390071
C15: No prompt | D15: =E15+H15+I15 -> 1010 | E15: =F15+G15 -> 163 | F15: 46 | G15: 117 | H15: 824 | I15: 23 | J15: =(F15/E15)*100 -> 28.220859 | K15: =(H15/987)*100 -> 83.485309 | M15: Ranking
B16: deepseek-llm | C16: Prompt EN | D16: =E16+H16+I16 -> 1010 | E16: =F16+G16 -> 972 | F16: 265 | G16: 707 | H16: 15 | I16: 23 | J16: =(F16/E16)*100 -> 27.263374 | K16: =(H16/987)*100 -> 1.5197568 | M16: No Prompt | O16: Prompt ES | Q16: Prompt EN
C17: Prompt ES | D17: =E17+H17+I17 -> 1010 | E17: =F17+G17 -> 925 | F17: 272 | G17: 653 | H17: 62 | I17: 23 | J17: =(F17/E17)*100 -> 29.405405 | K17: =(H17/987)*100 -> 6.2816616 | M17: Modelo | N17: % aciertos | O17: Modelo | P17: % aciertos | Q17: Modelo | R17: % aciertos
C18: No prompt | M18: gemma | N18: 43.743642 | O18: phi3 | P18: 44.920319 | Q18: llama3 | R18: 46.130952
B19: phi3 | C19: Prompt EN | D19: =E19+H19+I19 -> 1010 | E19: =F19+G19 -> 396 | F19: 160 | G19: 236 | H19: 591 | I19: 23 | J19: =(F19/E19)*100 -> 40.40404 | K19: =(H19/987)*100 -> 59.878419 | M19: llama3 | N19: 41.816367 | O19: llama3 | P19: 44.642857 | Q19: gemma | R19: 43.4
C20: Prompt ES | D20: =E20+H20+I20 -> 1010 | E20: =F20+G20 -> 981 | F20: 451 | G20: 530 | H20: 6 | I20: 23 | J20: =(F20/E20)*100 -> 45.973496 | K20: =(H20/987)*100 -> 0.60790274 | M20: mistral | N20: 33.973589 | O20: gemma | P20: 43.861386 | Q20: mistral | R20: 42.445328
C21: No prompt | D21: =E21+H21+I21 -> 1010 | E21: =F21+G21 -> 212 | F21: 52 | G21: 160 | H21: 775 | I21: 23 | J21: =(F21/E21)*100 -> 24.528302 | K21: =(H21/987)*100 -> 78.52077 | M21: deepseek-coder | N21: 24.731183 | O21: mistral | P21: 41.558442 | Q21: phi3 | R21: 38.186158
B22: phi3:instruct | C22: Prompt EN | D22: =E22+H22+I22 -> 1010 | E22: =F22+G22 -> 176 | F22: 49 | G22: 127 | H22: 811 | I22: 23 | J22: =(F22/E22)*100 -> 27.840909 | K22: =(H22/987)*100 -> 82.168186 | M22: phi3 | N22: 22.12766 | O22: phi3:instruct | P22: 41.543027 | Q22: deepseek-llm | R22: 31.457286
C23: Prompt ES | D23: =E23+H23+I23 -> 1010 | E23: =F23+G23 -> 314 | F23: 140 | G23: 174 | H23: 673 | I23: 23 | J23: =(F23/E23)*100 -> 44.585987 | K23: =(H23/987)*100 -> 68.186424 | O23: deepseek-llm | P23: 28.691983 | Q23: phi3:instruct | R23: 24.623116
C24: No prompt | O24: deepseek-coder | P24: 23.843416 | Q24: deepseek-coder | R24: 24.434389
B27: nº TOTAL DE PREGUNTAS | H27: Media Global | I27: Prompt EN | J27: =(J4+J7+J10+J13+J19)/5 -> 40.249594
B28: tipo | C28: total | D28: NA | E28: final | I28: Prompt ES | J28: =(J5+J8+J11+J14+J20)/5 -> 40.78778
B29: texto | C29: 1010 | D29: 23 | E29: =C29-D29 -> 987 | I29: No prompt | J29: =(J6+J9+J12+J15+J21)/5 -> 35.055575
B30: imagen | C30: 0
B31: TOTAL | C31: =SUM(C29:C30) -> 1010 | E31: =SUM(E29:E30) -> 987
